"icao24,""callsign"",""origin_country"",""time_position"",""last_contact"",""Longitude"",""Latitude"",""baro_altitude"",""on_ground"",""velocity"",""true_track"",""vertical_rate"",""sensors"",""geo_altitude"",""squawk"",""spi"",""position_source"""

"a53eef,""UPS952  "",""United States"",""1643708203"",""1643708204"",""-107.0967"",""40.064"",""12199.62"",""False"",""206.82"",""270.57"",""0"","""",""12169.14"",""4001"",""False"",""0"",""5"""

"c01aa6,""CJT905  "",""Canada"",""1643708413"",""1643708413"",""-79.9331"",""43.1761"","""",""True"",""7.46"",""300.94"","""","""","""","""",""False"",""0"",""1"""

"aa56b3,""UAL258  "",""United States"",""1643708413"",""1643708413"",""-77.0041"",""38.1472"",""10408.92"",""False"",""210.22"",""34.93"",""-2.6"","""",""10363.2"",""4742"",""False"",""0"",""4"""

"a0e249,""UPS914  "",""United States"",""1643708413"",""1643708413"",""-90.9352"",""37.6996"",""9745.98"",""False"",""218.86"",""272.56"",""0"","""",""9860.28"",""5723"",""False"",""0"",""6"""

"aa0955,""FDX2654 "",""United States"",""1643708413"",""1643708413"",""-99.9731"",""37.3331"",""10660.38"",""False"",""269.77"",""76.55"",""0"","""",""10759.44"",""6732"",""False"",""0"",""1"""

"ac498c,""FDX95   "",""United States"",""1643708413"",""1643708413"",""-69.9848"",""44.0069"",""10972.8"",""False"",""234.59"",""257.98"",""0"","""",""10728.96"",""0715"",""False"",""0"",""0"""

"a4d838,""DAL235  "",""United States"",""1643708412"",""1643708412"",""-71.6614"",""39.8107"",""9067.8"",""False"",""226.4"",""271.17"",""-10.73"","""",""8907.78"",""7245"",""False"",""0"",""0"""

"a963f7,""FFT2094 "",""United States"",""1643708413"",""1643708413"",""-108.601"",""37.3008"",""11269.98"",""False"",""269.27"",""76.52"",""0.33"","""",""11353.8"","""",""False"",""0"",""1"""

"a3a538,""FFT2158 "",""United States"",""1643708413"",""1643708413"",""-98.4161"",""32.3308"",""11285.22"",""False"",""271.11"",""106.99"",""0"","""",""11513.82"",""7370"",""False"",""0"",""0"""

"a798b9,""LBQ690  "",""United States"",""1643708293"",""1643708366"",""-90.1534"",""35.1898"",""6400.8"",""False"",""140.91"",""68.59"",""0"","""",""6522.72"",""2247"",""False"",""0"",""0"""

"ace6df,""NKS184  "",""United States"",""1643708412"",""1643708413"",""-91.0935"",""41.627"",""11887.2"",""False"",""255.47"",""74.7"",""0"","""",""11818.62"",""7342"",""False"",""0"",""0"""

"a96577,""DAL738  "",""United States"",""1643708412"",""1643708413"",""-86.3318"",""44.0845"",""12496.8"",""False"",""262.3"",""107.23"",""0"","""",""12336.78"",""3536"",""False"",""0"",""5"""

"0d0aef,""AMX401  "",""Mexico"",""1643708413"",""1643708413"",""-89.4701"",""30.5368"",""10972.8"",""False"",""226.87"",""222.33"",""0.33"","""",""11155.68"",""1616"",""False"",""0"",""0"""

"a34291,""UPS942  "",""United States"",""1643708413"",""1643708413"",""-99.3739"",""38.4042"",""11582.4"",""False"",""197.55"",""270.15"",""0"","""",""11620.5"",""6664"",""False"",""0"",""6"""

"a57b5a,""UPS1344 "",""United States"",""1643708412"",""1643708413"",""-90.7589"",""30.5665"",""11269.98"",""False"",""246.09"",""114.58"",""0"","""",""11437.62"",""2325"",""False"",""0"",""5"""

"a26a4f,""ATN3252 "",""United States"",""1643708413"",""1643708413"",""-83.9265"",""38.1751"",""5570.22"",""False"",""178.97"",""327.68"",""-11.38"","""",""5585.46"",""7124"",""False"",""0"",""1"""

"a4c4bb,""UPS1284 "",""United States"",""1643708412"",""1643708412"",""-80.6862"",""35.5297"",""2339.34"",""False"",""138.45"",""237.9"",""-13.33"","""",""2385.06"",""1566"",""False"",""0"",""5"""

"a58ded,""UPS1346 "",""United States"",""1643708412"",""1643708412"",""-85.5053"",""37.8359"",""3985.26"",""False"",""196.44"",""168.37"",""13.33"","""",""3688.08"","""",""False"",""0"",""5"""

"a0dadb,""UPS848  "",""United States"",""1643708413"",""1643708413"",""-96.9635"",""41.6028"",""10355.58"",""False"",""196.44"",""258.37"",""-0.65"","""",""10302.24"",""3113"",""False"",""0"",""6"""

"a3b7cb,""FFT2000 "",""United States"",""1643708411"",""1643708413"",""-103.5041"",""35.7633"",""11277.6"",""False"",""261.79"",""93.38"",""-0.33"","""",""11430"","""",""False"",""0"",""0"""

"ad67cc,""FDX1444 "",""United States"",""1643708412"",""1643708412"",""-87.8565"",""33.2257"",""11887.2"",""False"",""251.95"",""130.03"",""0"","""",""12024.36"",""1637"",""False"",""0"",""5"""

"a6670c,""VOI973  "",""United States"",""1643708410"",""1643708413"",""-94.7395"",""33.8482"",""10972.8"",""False"",""231.56"",""218.14"",""0"","""",""11132.82"",""6572"",""False"",""0"",""1"""

"a94b72,""UAL1947 "",""United States"",""1643708413"",""1643708413"",""-88.4896"",""41.7135"",""3177.54"",""False"",""164.56"",""20.3"",""-2.6"","""",""3124.2"",""0730"",""False"",""0"",""4"""

"a65408,""AAL2763 "",""United States"",""1643708412"",""1643708412"",""-91.315"",""35.8852"",""10668"",""False"",""245.61"",""87.6"",""0"","""",""10774.68"",""0741"",""False"",""0"",""0"""

"a94b6b,""UAL2219 "",""United States"",""1643708413"",""1643708413"",""-74.1344"",""39.9354"",""1668.78"",""False"",""133.88"",""314.07"",""0"","""",""1691.64"",""7411"",""False"",""0"",""4"""

"a9046d,""NKS1358 "",""United States"",""1643708412"",""1643708412"",""-108.0612"",""37.9856"",""10668"",""False"",""268.51"",""75.8"",""0"","""",""10728.96"","""",""False"",""0"",""1"""

"0d0b14,""VTM392  "",""Mexico"",""1643708413"",""1643708413"",""-96.7054"",""31.2496"",""10058.4"",""False"",""210.32"",""33.22"",""0"","""",""10248.9"",""5410"",""False"",""0"",""0"""

"a0934b,""UPS776  "",""United States"",""1643708413"",""1643708413"",""-96.9558"",""32.6235"",""4183.38"",""False"",""203.19"",""156.42"",""17.56"","""",""4198.62"",""0502"",""False"",""0"",""6"""

"0d0b3e,""VIV547  "",""Mexico"",""1643708413"",""1643708413"",""-97.5807"",""31.267"",""11582.4"",""False"",""242.54"",""205.37"",""0"","""",""11818.62"",""6223"",""False"",""0"",""0"""

"a46345,""FFT2130 "",""United States"",""1643708413"",""1643708413"",""-98.5408"",""40.196"",""11277.6"",""False"",""264.17"",""76.83"",""0"","""",""11262.36"",""1504"",""False"",""0"",""0"""

"a3a67b,""UPS1018 "",""United States"",""1643708379"",""1643708379"",""-71.0164"",""42.3731"","""",""True"",""13.89"",""315"","""","""","""",""2734"",""False"",""0"",""6"""

"a47656,""N731CM  "",""United States"",""1643708413"",""1643708413"",""-82.817"",""44.0401"",""10965.18"",""False"",""191.48"",""279.59"",""0"","""",""10850.88"",""7426"",""False"",""0"",""0"""

"c02ee7,""ACA093  "",""Canada"",""1643708412"",""1643708412"",""-79.7518"",""40.1198"",""11879.58"",""False"",""241.69"",""8.2"",""0"","""",""11849.1"",""5301"",""False"",""0"",""6"""

"aba1a0,""DAL1602 "",""United States"",""1643708412"",""1643708413"",""-93.9158"",""44.8528"",""11887.2"",""False"",""256.37"",""105.6"",""0"","""",""11666.22"",""3510"",""False"",""0"",""1"""

"c01040,""ACA43   "",""Canada"",""1643708413"",""1643708413"",""-78.9935"",""44.7339"",""7406.64"",""False"",""224.17"",""185.13"",""-9.43"","""",""7315.2"",""1353"",""False"",""0"",""6"""

"a4d8a5,""CTL18   "",""United States"",""1643708357"",""1643708357"",""-94.139"",""39.0399"",""2194.56"",""False"",""106.08"",""98.37"",""-1.3"","""",""2133.6"",""4763"",""False"",""0"",""0"""

"a94c7b,""DAL839  "",""United States"",""1643708412"",""1643708412"",""-86.6768"",""32.4057"",""12496.8"",""False"",""261.86"",""120.85"",""0"","""",""12656.82"",""6613"",""False"",""0"",""5"""

"a03235,""AAL976  "",""United States"",""1643708413"",""1643708413"",""-76.6553"",""41.3857"",""10683.24"",""False"",""248.68"",""98.57"",""0"","""",""10568.94"",""1011"",""False"",""0"",""1"""

"a3ee0b,""UPS400  "",""United States"",""1643708412"",""1643708412"",""-84.3308"",""35.8654"",""10066.02"",""False"",""243.67"",""156.09"",""0"","""",""10165.08"",""6756"",""False"",""0"",""6"""

"a08bdd,""UPS1488 "",""United States"",""1643708413"",""1643708413"",""-85.1735"",""42.167"",""6675.12"",""False"",""248.41"",""93.44"",""-17.56"","""",""6705.6"",""0212"",""False"",""0"",""6"""

"a4281d,""UPS920  "",""United States"",""1643707020"",""1643708410"",""-104.9141"",""35.9132"",""10972.8"",""False"",""200.76"",""256.21"",""0"","""",""11132.82"",""6765"",""False"",""0"",""0"""

"a3f579,""UPS988  "",""United States"",""1643708137"",""1643708137"",""-97.1409"",""45.8346"",""11582.4"",""False"",""214.62"",""289.61"",""0.33"","""",""11277.6"",""6253"",""False"",""0"",""6"""

"a057c7,""DAL9979 "",""United States"",""1643708383"",""1643708383"",""-122.3827"",""37.6155"","""",""True"",""0.06"",""216.56"","""","""","""","""",""False"",""0"",""0"""

"a65527,""NKS709  "",""United States"",""1643708412"",""1643708412"",""-97.7476"",""40.7964"",""11887.2"",""False"",""263.14"",""75.86"",""0"","""",""11841.48"",""7227"",""False"",""0"",""1"""

"0d0a8d,""AMX609  "",""Mexico"",""1643708193"",""1643708193"",""-114.4423"",""30.505"",""11277.6"",""False"",""265.59"",""134.06"",""0"","""",""11590.02"",""3312"",""False"",""0"",""1"""

"ade201,""BVN8285 "",""United States"",""1643707714"",""1643708413"",""-98.0594"",""33.1099"",""2446.02"",""False"",""76.29"",""280.1"",""0"","""",""2423.16"","""",""False"",""0"",""2"""

"a52e5b,""ATN3401 "",""United States"",""1643708412"",""1643708412"",""-116.4422"",""47.569"",""11590.02"",""False"",""222.24"",""270.27"",""0.33"","""",""11239.5"","""",""False"",""0"",""0"""

"0d0a37,""TNO301  "",""Mexico"",""1643708413"",""1643708413"",""-117.6737"",""33.168"",""7741.92"",""False"",""251.85"",""138.56"",""10.4"","""",""7818.12"",""7310"",""False"",""0"",""0"""

"a99b83,""DAL545  "",""United States"",""1643708412"",""1643708412"",""-82.7177"",""44.0317"",""12473.94"",""False"",""263.4"",""97.18"",""0"","""",""12352.02"",""6605"",""False"",""0"",""5"""

"a3db93,""FFT418  "",""United States"",""1643708412"",""1643708412"",""-90.8669"",""35.8992"",""11285.22"",""False"",""244.06"",""113.21"",""0"","""",""11407.14"",""1402"",""False"",""0"",""0"""

"ab15c2,""DAL304  "",""United States"",""1643708412"",""1643708412"",""-109.189"",""34.5286"",""11277.6"",""False"",""274.89"",""84.63"",""0"","""",""11445.24"",""3703"",""False"",""0"",""6"""

"a30ffd,""FDX2678 "",""United States"",""1643708413"",""1643708413"",""-86.3054"",""39.5997"",""2080.26"",""False"",""150.61"",""49.02"",""-6.5"","""",""2072.64"",""2620"",""False"",""0"",""6"""

"a9fa79,""FDX1404 "",""United States"",""1643708410"",""1643708410"",""-91.825"",""35.0835"",""9730.74"",""False"",""235.36"",""274.64"",""6.18"","""",""9829.8"",""1562"",""False"",""0"",""6"""

"a72f22,""JBU136  "",""United States"",""1643708413"",""1643708413"",""-76.4599"",""41.2412"",""10675.62"",""False"",""248.11"",""95.59"",""0"","""",""10576.56"",""3023"",""False"",""0"",""4"""

"a6d9c3,""AAL1367 "",""United States"",""1643708413"",""1643708413"",""-112.7444"",""42.3471"",""10066.02"",""False"",""259.73"",""125.89"",""-0.33"","""",""9822.18"","""",""False"",""0"",""1"""

"a36659,""UPS1070 "",""United States"",""1643708413"",""1643708413"",""-79.7075"",""39.9306"",""10675.62"",""False"",""259.98"",""74.51"",""0"","""",""10622.28"",""6764"",""False"",""0"",""6"""

"a49951,""AJT3022 "",""United States"",""1643708329"",""1643708339"",""-73.7865"",""40.6208"",""-152.4"",""False"",""66.88"",""30.51"",""-3.9"","""",""7.62"",""0713"",""False"",""0"",""1"""

"c058be,""ACA128  "",""Canada"",""1643708298"",""1643708298"",""-103.0317"",""49.5914"",""11887.2"",""False"",""276.36"",""91.6"",""0.33"","""",""11445.24"",""2641"",""False"",""0"",""6"""

"a9fa34,""CKS9402 "",""United States"",""1643708412"",""1643708412"",""-105.2102"",""42.2904"",""12192"",""False"",""207.54"",""260.58"",""0"","""",""12070.08"","""",""False"",""0"",""6"""

"a0f37e,""UPS966  "",""United States"",""1643708413"",""1643708413"",""-120.7205"",""36.6487"",""7879.08"",""False"",""219.76"",""318.51"",""-12.35"","""",""7947.66"",""1021"",""False"",""0"",""6"""

"a06815,""UPS1324 "",""United States"",""1643708412"",""1643708412"",""-79.9784"",""32.3197"",""10363.2"",""False"",""233.4"",""202.55"",""-0.65"","""",""10515.6"",""7145"",""False"",""0"",""6"""

"a11380,""DAL254  "",""United States"",""1643708413"",""1643708413"",""-75.2543"",""37.8525"",""11277.6"",""False"",""229.68"",""23.64"",""0"","""",""11186.16"",""2363"",""False"",""0"",""6"""

"a34c58,""UPS808  "",""United States"",""1643708102"",""1643708109"",""-111.7328"",""37.0004"",""11285.22"",""False"",""274.84"",""61.61"",""-0.33"","""",""11338.56"","""",""False"",""0"",""6"""

"a11eb4,""UPS1274 "",""United States"",""1643708413"",""1643708413"",""-78.5507"",""35.9706"",""1935.48"",""False"",""140.44"",""219.05"",""-7.48"","""",""1965.96"",""3047"",""False"",""0"",""6"""

"accb2b,""ASA38   "",""United States"",""1643708413"",""1643708413"",""-87.4529"",""32.9525"",""10668"",""False"",""234.65"",""122.19"",""0"","""",""10812.78"",""2122"",""False"",""0"",""1"""

"c02029,""MAL7079 "",""Canada"",""1643708413"",""1643708413"",""-107.6317"",""50.8545"",""11590.02"",""False"",""219.51"",""275.11"",""0.65"","""",""11102.34"","""",""False"",""0"",""5"""

"c02028,""MAL8082 "",""Canada"",""1643708413"",""1643708413"",""-76.6806"",""44.4987"",""10058.4"",""False"",""242.46"",""67.68"",""0"","""",""9898.38"",""6354"",""False"",""0"",""5"""

"a913bd,""TAI579  "",""United States"",""1643708412"",""1643708412"",""-82.1979"",""31.4311"",""10378.44"",""False"",""229.92"",""210.52"",""-0.33"","""",""10530.84"",""2601"",""False"",""0"",""0"""

"c080a6,""WJA652  "",""Canada"",""1643708413"",""1643708413"",""-89.6171"",""45.8068"",""11887.2"",""False"",""245.22"",""119.95"",""0"","""",""11643.36"",""2142"",""False"",""0"",""1"""

"a0fea3,""UPS810  "",""United States"",""1643708413"",""1643708413"",""-98.2044"",""41.4012"",""9159.24"",""False"",""205.68"",""257.28"",""1.3"","""",""9098.28"",""3103"",""False"",""0"",""6"""

"ad52e0,""FDX1770 "",""United States"",""1643708413"",""1643708413"",""-88.6744"",""39.8429"",""10972.8"",""False"",""205.48"",""276.32"",""0"","""",""10995.66"",""4614"",""False"",""0"",""5"""

"c02032,""MAL7051 "",""Canada"",""1643708413"",""1643708413"",""-110.5875"",""51.2338"",""11597.64"",""False"",""217.14"",""263.06"",""0"","""",""11079.48"","""",""False"",""0"",""0"""

"a05514,""LBQ650  "",""United States"",""1643708413"",""1643708413"",""-92.2729"",""40.5583"",""7315.2"",""False"",""107.94"",""241.85"",""0"","""",""7330.44"",""6224"",""False"",""0"",""2"""

"a5dc31,""GTI511  "",""United States"",""1643708413"",""1643708413"",""-92.8017"",""47.9999"",""9753.6"",""False"",""257.68"",""333.95"",""0"","""",""9311.64"",""6575"",""False"",""0"",""0"""

"a4380f,""FFT2142 "",""United States"",""1643708413"",""1643708413"",""-89.5274"",""39.8404"",""10668"",""False"",""264.94"",""89.67"",""0"","""",""10698.48"",""6777"",""False"",""0"",""0"""

"a4bc76,""GTI7168 "",""United States"",""1643708412"",""1643708413"",""-118.1665"",""47.5221"",""10668"",""False"",""277.8"",""123.75"",""0"","""",""10309.86"",""3473"",""False"",""0"",""1"""

"aa9107,""FDX1701 "",""United States"",""1643708412"",""1643708412"",""-86.8354"",""39.5736"",""4716.78"",""False"",""185.98"",""260.93"",""12.03"","""",""4716.78"",""4010"",""False"",""0"",""5"""

"a806d8,""UPS62   "",""United States"",""1643708413"",""1643708413"",""-89.602"",""43.2949"",""10972.8"",""False"",""225.51"",""328.81"",""0"","""",""10866.12"",""6755"",""False"",""0"",""0"""

"ab2728,""AVA020  "",""United States"",""1643708412"",""1643708412"",""-73.9307"",""40.3714"",""754.38"",""False"",""104.89"",""354.65"",""0"","""",""822.96"",""2252"",""False"",""0"",""0"""

"a1ab45,""GTX489  "",""United States"",""1643708413"",""1643708413"",""-96.9571"",""32.9545"",""1127.76"",""False"",""80.43"",""279.94"",""2.6"","""",""1097.28"",""2223"",""False"",""0"",""0"""

"a5320b,""ASA790  "",""United States"",""1643708413"",""1643708413"",""-84.9329"",""43.2441"",""11277.6"",""False"",""255.74"",""108.65"",""0"","""",""11186.16"",""6656"",""False"",""0"",""4"""

"0d0cd9,""VOI913  "",""Mexico"",""1643708412"",""1643708412"",""-117.5604"",""32.9987"",""9761.22"",""False"",""248.9"",""131.56"",""7.15"","""",""9921.24"",""1054"",""False"",""0"",""0"""

"a95c89,""FFT422  "",""United States"",""1643708413"",""1643708413"",""-119.3203"",""46.5678"",""9083.04"",""False"",""265.57"",""117.95"",""5.53"","""",""8823.96"",""2273"",""False"",""0"",""1"""

"a2e596,""N286PM  "",""United States"",""1643708413"",""1643708413"",""-86.6315"",""42.1897"",""2415.54"",""False"",""69.02"",""257.52"",""0.33"","""",""2362.2"","""",""False"",""0"",""0"""

"75855b,""PAL127  "",""Philippines"",""1643708255"",""1643708255"",""-73.7849"",""40.6253"","""",""True"",""8.23"",""210.94"","""","""","""",""2615"",""False"",""0"",""0"""

"a16273,""DAL300  "",""United States"",""1643708413"",""1643708413"",""-86.0495"",""42.7747"",""11292.84"",""False"",""259.9"",""99.69"",""0"","""",""11201.4"",""3217"",""False"",""0"",""6"""

"a39b56,""UPS1058 "",""United States"",""1643708412"",""1643708412"",""-85.6442"",""38.1059"",""1653.54"",""False"",""146.58"",""71.37"",""15.61"","""",""1638.3"","""",""False"",""0"",""6"""

"c0816e,""CJT569  "",""Canada"",""1643708413"",""1643708413"",""-100.5363"",""48.5085"",""10363.2"",""False"",""221.47"",""282.07"",""0.65"","""",""9875.52"",""0564"",""False"",""0"",""0"""

"0d0d8d,""VOI546  "",""Mexico"",""1643708412"",""1643708412"",""-115.8755"",""31.945"",""9334.5"",""False"",""247.48"",""120.62"",""5.85"","""",""9540.24"","""",""False"",""0"",""0"""

"ad4c2a,""AAL1914 "",""United States"",""1643708413"",""1643708413"",""-87.577"",""39.8407"",""5715"",""False"",""218.64"",""90.27"",""-8.13"","""",""5737.86"",""2531"",""False"",""0"",""1"""

"ac3f9c,""DAL1031 "",""United States"",""1643708413"",""1643708413"",""-86.666"",""40.3824"",""11277.6"",""False"",""262.28"",""79.95"",""0"","""",""11277.6"",""0714"",""False"",""0"",""4"""

"a09d22,""FDX1879 "",""United States"",""1643708410"",""1643708411"",""-122.2161"",""37.7196"","""",""True"",""0"",""312.19"","""","""","""","""",""False"",""0"",""6"""

"a1c4b2,""N213AL  "",""United States"",""1643708413"",""1643708413"",""-122.3075"",""47.5391"","""",""True"",""8.23"",""334.69"","""","""","""",""4764"",""False"",""0"",""2"""

"896170,""UAE9367 "",""United Arab Emirates"",""1643708167"",""1643708201"",""-87.8944"",""41.9676"",""205.74"",""True"",""4.12"",""56.25"","""","""","""",""0706"",""False"",""0"",""1"""

"ac351f,""N886LF  "",""United States"",""1643708413"",""1643708413"",""-116.3046"",""46.2165"",""7010.4"",""False"",""164.94"",""130.45"",""0"","""",""6781.8"","""",""False"",""0"",""0"""

"a46d26,""UAL2615 "",""United States"",""1643708413"",""1643708413"",""-98.4521"",""34.2994"",""11887.2"",""False"",""264.81"",""110.23"",""0"","""",""12062.46"",""3353"",""False"",""0"",""4"""

"a0ed6e,""UPS950  "",""United States"",""1643707939"",""1643708413"",""-101.1433"",""33.7536"",""10363.2"",""False"",""205.76"",""284.63"",""0.98"","""",""10584.18"",""2317"",""False"",""0"",""6"""

"a3f1c2,""UPS108  "",""United States"",""1643708412"",""1643708412"",""-95.9335"",""49.8275"",""10980.42"",""False"",""237.84"",""324.42"",""0"","""",""10507.98"",""7136"",""False"",""0"",""6"""

"a46d95,""UAL2440 "",""United States"",""1643708412"",""1643708412"",""-95.3451"",""36.6223"",""11887.2"",""False"",""251.1"",""109.88"",""0"","""",""11978.64"",""3215"",""False"",""0"",""4"""

"a3414e,""FFT518  "",""United States"",""1643708413"",""1643708413"",""-89.4838"",""40.965"",""11285.22"",""False"",""260.36"",""91.13"",""0"","""",""11277.6"",""1460"",""False"",""0"",""1"""

"a411d3,""UPS1144 "",""United States"",""1643708412"",""1643708412"",""-84.9363"",""38.6202"",""8572.5"",""False"",""249.55"",""45.33"",""11.7"","""",""8610.6"","""",""False"",""0"",""6"""

"a9b2e9,""FDX1989 "",""United States"",""1643708410"",""1643708410"",""-74.1838"",""40.6768"","""",""True"",""0"",""205.31"","""","""","""",""1637"",""False"",""0"",""1"""

"ace5bc,""AAL2054 "",""United States"",""1643708351"",""1643708352"",""-88.5323"",""31.9682"",""10066.02"",""False"",""258.09"",""109.81"",""0"","""",""10226.04"",""0710"",""False"",""0"",""0"""

"ab6380,""AAL8    "",""United States"",""1643708413"",""1643708413"",""-112.4459"",""34.0326"",""11887.2"",""False"",""300.98"",""85.2"",""-0.33"","""",""12077.7"",""3716"",""False"",""0"",""6"""

"c0211f,""MAL7050 "",""Canada"",""1643708412"",""1643708413"",""-98.2874"",""50.455"",""11582.4"",""False"",""223.16"",""291.36"",""0"","""",""11102.34"",""2016"",""False"",""0"",""5"""

"a97791,""N709SD  "",""United States"",""1643708413"",""1643708413"",""-117.0788"",""32.8224"",""487.68"",""False"",""26.29"",""239.42"",""-0.65"","""",""457.2"",""4212"",""False"",""0"",""0"""

"a6b4ac,""IFL531  "",""United States"",""1643708413"",""1643708413"",""-85.7458"",""39.5379"",""4450.08"",""False"",""183.53"",""29.01"",""14.96"","""",""4465.32"","""",""False"",""0"",""0"""

"a43952,""UPS802  "",""United States"",""1643708413"",""1643708413"",""-90.535"",""39.4544"",""9761.22"",""False"",""217.19"",""289.08"",""0"","""",""9829.8"",""4004"",""False"",""0"",""0"""

"a96412,""GTI8028 "",""United States"",""1643708413"",""1643708413"",""-118.6136"",""33.9283"",""594.36"",""False"",""94.44"",""82.49"",""0"","""",""563.88"","""",""False"",""0"",""0"""

"a5e433,""TAI567  "",""United States"",""1643708413"",""1643708413"",""-81.7712"",""31.9473"",""10957.56"",""False"",""226.92"",""211.28"",""-0.33"","""",""11117.58"",""1615"",""False"",""0"",""1"""

"a499c3,""HAL50   "",""United States"",""1643708413"",""1643708413"",""-95.9209"",""42.4868"",""11582.4"",""False"",""271.78"",""83.59"",""0"","""",""11475.72"",""7400"",""False"",""0"",""1"""

"a30626,""UPS1332 "",""United States"",""1643708412"",""1643708412"",""-85.6154"",""37.9267"",""3657.6"",""False"",""176.7"",""138.19"",""15.61"","""",""3657.6"","""",""False"",""0"",""0"""

"a97722,""N709MT  "",""United States"",""1643708207"",""1643708208"",""-96.006"",""36.1506"",""312.42"",""False"",""17.1"",""136.22"",""-1.63"","""",""274.32"","""",""False"",""0"",""8"""

"a771a8,""UPS916  "",""United States"",""1643708412"",""1643708413"",""-94.9534"",""37.8387"",""10972.8"",""False"",""235.37"",""267.24"",""0"","""",""11026.14"",""6713"",""False"",""0"",""6"""

"a5ca58,""UPS1446 "",""United States"",""1643708409"",""1643708412"",""-81.1943"",""41.275"",""3589.02"",""False"",""162.05"",""279.13"",""-0.98"","""",""3558.54"",""6265"",""False"",""0"",""5"""

"a41f6c,""FFT2098 "",""United States"",""1643708413"",""1643708413"",""-91.9415"",""30.4145"",""11285.22"",""False"",""243.54"",""108.09"",""0"","""",""11468.1"",""7361"",""False"",""0"",""0"""

"a353c6,""UPS928  "",""United States"",""1643708413"",""1643708413"",""-95.1568"",""40.5225"",""11590.02"",""False"",""207.88"",""248.51"",""0"","""",""11551.92"",""6560"",""False"",""0"",""0"""

"a486d8,""DAL950  "",""United States"",""1643708413"",""1643708413"",""-97.5964"",""40.94"",""10668"",""False"",""266.84"",""80.12"",""0"","""",""10629.9"",""4161"",""False"",""0"",""0"""

"a27c78,""UAL830  "",""United States"",""1643708413"",""1643708413"",""-73.1411"",""44.1918"",""11582.4"",""False"",""259.64"",""198.72"",""0"","""",""11384.28"",""0703"",""False"",""0"",""0"""

"a100c2,""N164CF  "",""United States"",""1643708155"",""1643708155"",""-84.4142"",""40.4637"",""548.64"",""False"",""93.05"",""21.74"",""0.33"","""",""556.26"","""",""False"",""0"",""0"""

"a603b0,""GTI8692 "",""United States"",""1643707594"",""1643708201"",""-108.8237"",""33.6978"",""10668"",""False"",""274.93"",""131.05"",""0"","""",""10858.5"",""5634"",""False"",""0"",""0"""

"a52c5c,""UPS562  "",""United States"",""1643708413"",""1643708413"",""-95.8827"",""37.2342"",""11277.6"",""False"",""237.94"",""13.89"",""0"","""",""11346.18"",""0526"",""False"",""0"",""5"""

"abc651,""DAL472  "",""United States"",""1643708413"",""1643708413"",""-73.8634"",""40.5222"",""457.2"",""False"",""79.58"",""30.71"",""-0.98"","""",""548.64"",""3630"",""False"",""0"",""6"""

"7380c5,""ELY001  "",""Israel"",""1643708413"",""1643708413"",""-70.3342"",""41.2606"",""11574.78"",""False"",""240.78"",""260.78"",""0"","""",""11422.38"","""",""False"",""0"",""0"""

"a1ac91,""FFT486  "",""United States"",""1643708406"",""1643708406"",""-89.4005"",""33.1106"",""11277.6"",""False"",""235"",""123.48"",""0"","""",""11430"",""1427"",""False"",""0"",""1"""

"a78605,""DAL309  "",""United States"",""1643708413"",""1643708413"",""-89.8625"",""34.9989"",""11277.6"",""False"",""237.84"",""100.22"",""0"","""",""11399.52"",""1017"",""False"",""0"",""1"""

"a3ff4d,""N357FB  "",""United States"",""1643708172"",""1643708172"",""-112.0743"",""33.6869"",""457.2"",""False"",""7.73"",""93.81"",""-0.65"","""",""419.1"","""",""False"",""0"",""8"""

"ab00d6,""DAL831  "",""United States"",""1643708413"",""1643708413"",""-85.6695"",""34.0366"",""5433.06"",""False"",""220.11"",""112.25"",""-7.15"","""",""5554.98"",""7313"",""False"",""0"",""6"""

"a7869b,""AAL1211 "",""United States"",""1643708413"",""1643708413"",""-82.745"",""35.7382"",""8001"",""False"",""231.97"",""104.78"",""-19.18"","""",""8145.78"",""2710"",""False"",""0"",""4"""

"a3e08d,""UPS994  "",""United States"",""1643708413"",""1643708413"",""-88.8447"",""40.1727"",""11590.02"",""False"",""206.68"",""299.69"",""0.33"","""",""11567.16"",""6275"",""False"",""0"",""6"""

"aa568f,""UAL2017 "",""United States"",""1643708413"",""1643708413"",""-114.1215"",""36.004"",""7726.68"",""False"",""235.83"",""103.37"",""8.45"","""",""7764.78"","""",""False"",""0"",""4"""

"a8f63b,""FDX2642 "",""United States"",""1643708413"",""1643708413"",""-87.7455"",""40.6146"",""8732.52"",""False"",""249.12"",""123.89"",""-12.35"","""",""8778.24"",""3264"",""False"",""0"",""6"""

"a9acb8,""DAL552  "",""United States"",""1643708413"",""1643708413"",""-80.2473"",""43.7417"",""11887.2"",""False"",""263.06"",""100.36"",""-0.33"","""",""11711.94"",""1021"",""False"",""0"",""5"""

"a78669,""BYA584  "",""United States"",""1643708412"",""1643708413"",""-96.5152"",""30.8427"",""6096"",""False"",""147.51"",""231.37"",""0"","""",""6195.06"",""1532"",""False"",""0"",""0"""

"a96fe9,""FNX209  "",""United States"",""1643708412"",""1643708412"",""-81.6545"",""35.1096"",""1257.3"",""False"",""91.08"",""234.42"",""-1.95"","""",""1303.02"",""1200"",""False"",""0"",""0"""

"a4009e,""UPS104  "",""United States"",""1643708413"",""1643708413"",""-85.9657"",""38.2008"",""3215.64"",""False"",""159.41"",""321.95"",""7.15"","""",""3223.26"","""",""False"",""0"",""6"""

"c045f1,""WJA724  "",""Canada"",""1643708413"",""1643708413"",""-88.8581"",""44.2871"",""11277.6"",""False"",""268.37"",""101.05"",""0"","""",""11117.58"",""5740"",""False"",""0"",""0"""

"aa6988,""FDX1409 "",""United States"",""1643708413"",""1643708413"",""-87.3992"",""32.8944"",""11887.2"",""False"",""253.73"",""130.15"",""0"","""",""12062.46"",""1502"",""False"",""0"",""5"""

"a16ee0,""UAL2093 "",""United States"",""1643708412"",""1643708412"",""-95.8813"",""40.2512"",""11277.6"",""False"",""261.41"",""78.54"",""0"","""",""11262.36"",""3225"",""False"",""0"",""5"""

"a2dea7,""UPS1082 "",""United States"",""1643708412"",""1643708412"",""-74.1637"",""40.6942"","""",""True"",""39.1"",""25.31"","""","""","""",""6751"",""False"",""0"",""6"""

"a5d668,""UAL505  "",""United States"",""1643708413"",""1643708413"",""-120.0958"",""35.8803"",""11277.6"",""False"",""256.69"",""130.04"",""0"","""",""11338.56"",""3243"",""False"",""0"",""0"""

"a7167f,""JBU2082 "",""United States"",""1643708413"",""1643708413"",""-97.7932"",""41.856"",""10058.4"",""False"",""271.5"",""78.97"",""0"","""",""9997.44"",""7026"",""True"",""0"",""1"""

"ac1466,""DAL849  "",""United States"",""1643708378"",""1643708395"",""-84.8978"",""30.6007"",""11887.2"",""False"",""257.5"",""122.1"",""0"","""",""12070.08"",""1324"",""False"",""0"",""4"""

"a4798f,""FFT2022 "",""United States"",""1643708354"",""1643708359"",""-111.4409"",""36.6459"",""11277.6"",""False"",""273.97"",""77.53"",""0"","""",""11376.66"","""",""False"",""0"",""0"""

"a3dcd6,""UPS844  "",""United States"",""1643708413"",""1643708413"",""-90.2391"",""38.8174"",""10980.42"",""False"",""212.68"",""280.88"",""0"","""",""11033.76"",""4232"",""False"",""0"",""6"""

"a095b4,""FDX1742 "",""United States"",""1643708413"",""1643708413"",""-89.811"",""39.4732"",""10370.82"",""False"",""208.53"",""265.33"",""-0.33"","""",""10401.3"",""6745"",""False"",""0"",""6"""

"a598c7,""N46RP   "",""United States"",""1643708413"",""1643708413"",""-98.2028"",""36.4338"",""4152.9"",""False"",""121.69"",""96.55"",""0"","""",""4145.28"","""",""False"",""0"",""0"""

"c073ea,""CGRXH   "",""Canada"",""1643708232"",""1643708232"",""-79.4275"",""46.3582"","""",""True"",""0"",""205.31"","""","""","""",""3424"",""False"",""0"",""0"""

"a25b3f,""ASA58   "",""United States"",""1643708344"",""1643708347"",""-98.5559"",""45.6077"",""11277.6"",""False"",""260.7"",""105.22"",""0"","""",""10972.8"","""",""False"",""0"",""4"""

"a8e6f2,""AAL623  "",""United States"",""1643708412"",""1643708412"",""-101.705"",""36.7533"",""10675.62"",""False"",""267.29"",""71.95"",""0"","""",""10805.16"",""2611"",""False"",""0"",""1"""

"aae5f7,""DAL1062 "",""United States"",""1643708413"",""1643708413"",""-87.8571"",""36.5298"",""11277.6"",""False"",""240.45"",""126.65"",""0"","""",""11384.28"",""3574"",""False"",""0"",""1"""

"aa7bcf,""N775CC  "",""United States"",""1643708408"",""1643708413"",""-113.9148"",""38.5666"",""7315.2"",""False"",""117.19"",""327.91"",""0"","""",""7315.2"","""",""False"",""0"",""2"""

"a09702,""UPS1340 "",""United States"",""1643708412"",""1643708413"",""-79.2368"",""36.8109"",""10355.58"",""False"",""242.01"",""219.31"",""-0.33"","""",""10416.54"",""3313"",""False"",""0"",""6"""

"a2be96,""UPS1114 "",""United States"",""1643708413"",""1643708413"",""-74.422"",""39.5555"",""6332.22"",""False"",""209.98"",""43.31"",""-8.45"","""",""6248.4"",""6701"",""False"",""0"",""6"""

"a44be5,""UPS892  "",""United States"",""1643708413"",""1643708413"",""-86.9739"",""38.0578"",""9593.58"",""False"",""222.29"",""268.81"",""13.98"","""",""9669.78"","""",""False"",""0"",""0"""

"a90868,""BXR494  "",""United States"",""1643708413"",""1643708413"",""-118.5845"",""34.3634"",""2286"",""False"",""64.19"",""332.82"",""7.48"","""",""2293.62"","""",""False"",""0"",""0"""

"a34729,""DAL780  "",""United States"",""1643708412"",""1643708412"",""-114.9057"",""45.4546"",""11277.6"",""False"",""264.19"",""95.7"",""0"","""",""11003.28"","""",""False"",""0"",""1"""

"a7f08e,""UPS1190 "",""United States"",""1643708413"",""1643708413"",""-85.4359"",""38.4633"",""5394.96"",""False"",""213.91"",""45.78"",""11.38"","""",""5433.06"","""",""False"",""0"",""6"""

"a4b5df,""UPS852  "",""United States"",""1643708413"",""1643708413"",""-112.0772"",""33.4288"",""609.6"",""False"",""66.88"",""90"",""-3.58"","""",""579.12"","""",""False"",""0"",""5"""

"a44d1c,""DAL933  "",""United States"",""1643708413"",""1643708413"",""-92.5693"",""39.5509"",""11887.2"",""False"",""254.2"",""81.74"",""0"","""",""11902.44"",""1064"",""False"",""0"",""4"""

"a38dd8,""UPS946  "",""United States"",""1643708412"",""1643708412"",""-88.9607"",""38.429"",""10972.8"",""False"",""210.38"",""276.88"",""-0.33"","""",""11026.14"",""6741"",""False"",""0"",""6"""

"a06a5a,""DAL2989 "",""United States"",""1643708404"",""1643708409"",""-77.0407"",""38.8526"","""",""True"",""0.06"",""225"","""","""","""","""",""False"",""0"",""0"""

"ad2095,""JBU278  "",""United States"",""1643708411"",""1643708411"",""-91.6239"",""33.0754"",""10668"",""False"",""231.26"",""120.33"",""0"","""",""10820.4"",""1451"",""False"",""0"",""4"""

"aaf8ba,""MTN8387 "",""United States"",""1643708413"",""1643708413"",""-87.7897"",""34.6679"",""5791.2"",""False"",""146.87"",""103.16"",""0"","""",""5875.02"",""1571"",""False"",""0"",""1"""

"c1e42e,""SER536  "",""Canada"",""1643708407"",""1643708407"",""-73.7469"",""45.4592"","""",""True"",""4.89"",""78.75"","""","""","""","""",""False"",""0"",""0"""

"a417fe,""FFT1260 "",""United States"",""1643708395"",""1643708400"",""-74.1766"",""40.6874"","""",""True"",""0"",""5.62"","""","""","""",""0725"",""False"",""0"",""0"""

"780a3e,""CPA3184 "",""China"",""1643708412"",""1643708412"",""-95.1702"",""47.6911"",""10668"",""False"",""259.48"",""149.37"",""-0.33"","""",""10256.52"",""4175"",""False"",""0"",""6"""

"c1e435,""SUR8908 "",""Canada"",""1643708403"",""1643708403"",""-73.7438"",""45.4584"","""",""True"",""6.94"",""11.25"","""","""","""","""",""False"",""0"",""0"""

"a68d6f,""JBU1302 "",""United States"",""1643708413"",""1643708413"",""-77.5181"",""42.4015"",""10660.38"",""False"",""242.42"",""81.46"",""0"","""",""10538.46"",""2625"",""False"",""0"",""1"""

"a5aa47,""UPS1350 "",""United States"",""1643708412"",""1643708413"",""-89.6715"",""30.6262"",""11887.2"",""False"",""260.06"",""110.98"",""0"","""",""12077.7"",""2271"",""False"",""0"",""5"""

"ade5b7,""FDX1424 "",""United States"",""1643708413"",""1643708413"",""-87.6374"",""33.0715"",""11277.6"",""False"",""236.93"",""130.16"",""0"","""",""11422.38"",""5657"",""False"",""0"",""5"""

"a31a77,""UAL2622 "",""United States"",""1643708412"",""1643708412"",""-116.3201"",""34.2561"",""11856.72"",""False"",""299.82"",""65.9"",""5.53"","""",""12024.36"",""1015"",""False"",""0"",""0"""

"a6e458,""SKQ31   "",""United States"",""1643708413"",""1643708413"",""-84.5039"",""35.4108"",""3878.58"",""False"",""136.45"",""46.37"",""0"","""",""3954.78"",""4165"",""False"",""0"",""0"""

"a7a1a0,""FDX2650 "",""United States"",""1643708413"",""1643708413"",""-97.4692"",""38.6418"",""11269.98"",""False"",""269.92"",""85.41"",""0"","""",""11308.08"",""7220"",""False"",""0"",""1"""

"a3d1b1,""UPS1334 "",""United States"",""1643708413"",""1643708413"",""-85.7402"",""38.0977"",""1226.82"",""False"",""112.15"",""179.74"",""10.73"","""",""1226.82"","""",""False"",""0"",""6"""

"a2c604,""UPS1066 "",""United States"",""1643708413"",""1643708413"",""-85.4727"",""38.2438"",""3810"",""False"",""206.3"",""37.3"",""11.7"","""",""3794.76"","""",""False"",""0"",""6"""

"a333b5,""UPS960  "",""United States"",""1643708413"",""1643708413"",""-87.7113"",""38.3116"",""10363.2"",""False"",""208.66"",""277.65"",""0"","""",""10431.78"","""",""False"",""0"",""6"""

"a02373,""N108LN  "",""United States"",""1643708108"",""1643708108"",""-111.6378"",""32.0175"",""1219.2"",""False"",""67.38"",""255.86"",""-1.3"","""",""1242.06"","""",""False"",""0"",""8"""

"add376,""JBU1574 "",""United States"",""1643708413"",""1643708413"",""-114.8022"",""34.5918"",""10668"",""False"",""282.79"",""67.54"",""-0.33"","""",""10789.92"","""",""False"",""0"",""4"""

"c01fb9,""MAL7080 "",""Canada"",""1643708412"",""1643708413"",""-94.7653"",""49.3826"",""11590.02"",""False"",""225.29"",""293.7"",""0"","""",""11155.68"",""1704"",""False"",""0"",""5"""

"a3f930,""UPS904  "",""United States"",""1643708412"",""1643708412"",""-89.3971"",""37.976"",""10980.42"",""False"",""219.31"",""267.85"",""0"","""",""11056.62"",""4523"",""False"",""0"",""6"""

"a37020,""UPS982  "",""United States"",""1643708413"",""1643708413"",""-86.7918"",""39.0349"",""10363.2"",""False"",""218.47"",""322.08"",""0.33"","""",""10401.3"","""",""False"",""0"",""6"""

"a8d4d2,""UAL2124 "",""United States"",""1643708413"",""1643708413"",""-94.4159"",""39.5025"",""11887.2"",""False"",""253.12"",""90.58"",""0"","""",""11894.82"",""3377"",""False"",""0"",""4"""

"abece7,""DAL850  "",""United States"",""1643708413"",""1643708413"",""-78.8623"",""35.8256"",""434.34"",""False"",""67.3"",""44.69"",""-3.58"","""",""510.54"",""2041"",""False"",""0"",""4"""

"a560f3,""AMX025  "",""United States"",""1643708413"",""1643708413"",""-70.6095"",""42.4144"",""11879.58"",""False"",""263.89"",""58.63"",""-0.33"","""",""11696.7"",""3255"",""False"",""0"",""6"""

"ab437a,""AMX111  "",""United States"",""1643708412"",""1643708412"",""-114.8534"",""30.8974"",""11887.2"",""False"",""262.88"",""130.08"",""0"","""",""12184.38"","""",""False"",""0"",""1"""

"a4ec3a,""UPS896  "",""United States"",""1643708412"",""1643708413"",""-87.4217"",""38.4099"",""9326.88"",""False"",""220.72"",""284.17"",""9.1"","""",""9387.84"","""",""False"",""0"",""5"""

"a0e869,""FDX2672 "",""United States"",""1643708413"",""1643708413"",""-93.4463"",""42.725"",""11277.6"",""False"",""265.04"",""101.42"",""0"","""",""11186.16"","""",""False"",""0"",""6"""

"a3e69d,""UPS772  "",""United States"",""1643708376"",""1643708404"",""-91.9139"",""32.9463"",""10980.42"",""False"",""240.1"",""225.69"",""0"","""",""11125.2"",""4016"",""False"",""0"",""6"""

"8963a2,""UAE9990 "",""United Arab Emirates"",""1643708413"",""1643708413"",""-81.4703"",""46.9286"",""10058.4"",""False"",""267.1"",""53.06"",""-0.33"","""",""9867.9"",""4157"",""False"",""0"",""1"""

"a18b71,""AAL2569 "",""United States"",""1643708412"",""1643708412"",""-89.4877"",""36.0578"",""10668"",""False"",""247.62"",""92.14"",""0"","""",""10797.54"",""1354"",""False"",""0"",""1"""

"a8c36d,""DAL8941 "",""United States"",""1643708344"",""1643708347"",""-114.2125"",""41.2674"",""11582.4"",""False"",""208.75"",""252.5"",""0"","""",""11468.1"",""5362"",""False"",""0"",""0"""

"a8bc71,""JBU80   "",""United States"",""1643708412"",""1643708412"",""-105.3813"",""42.5299"",""10043.16"",""False"",""287.17"",""81.45"",""0"","""",""9890.76"","""",""False"",""0"",""1"""

"0d09c2,""VIV5028 "",""Mexico"",""1643708412"",""1643708412"",""-115.6676"",""31.7905"",""9121.14"",""False"",""254.55"",""126.45"",""2.6"","""",""9334.5"","""",""False"",""0"",""0"""

"a2badf,""UPS1076 "",""United States"",""1643708413"",""1643708413"",""-84.4598"",""42.0752"",""11277.6"",""False"",""282.23"",""94.39"",""-0.33"","""",""11216.64"",""1310"",""False"",""0"",""6"""

"a0a900,""UAL1891 "",""United States"",""1643708413"",""1643708413"",""-94.7779"",""40.4588"",""11277.6"",""False"",""257.58"",""77.07"",""0"","""",""11224.26"",""3455"",""False"",""0"",""1"""

"a4b459,""FNX930  "",""United States"",""1643708413"",""1643708413"",""-84.087"",""35.4444"",""2834.64"",""False"",""100.71"",""105.1"",""0.98"","""",""2849.88"",""0703"",""False"",""0"",""0"""

"c023c7,""ACA156  "",""Canada"",""1643708413"",""1643708413"",""-96.4521"",""49.5342"",""11879.58"",""False"",""276.43"",""102.79"",""0"","""",""11475.72"",""1736"",""False"",""0"",""6"""

"a3577d,""UPS1096 "",""United States"",""1643708408"",""1643708408"",""-74.1691"",""40.7031"","""",""True"",""11.83"",""275.62"","""","""","""",""4056"",""False"",""0"",""6"""

"a009a4,""AAL2453 "",""United States"",""1643708413"",""1643708413"",""-106.8005"",""39.2602"",""10668"",""False"",""268.16"",""68.5"",""-0.33"","""",""10675.62"",""1057"",""False"",""0"",""1"""

"a04641,""AAL10   "",""United States"",""1643707894"",""1643708410"",""-106.5714"",""36.0798"",""10652.76"",""False"",""267.03"",""72.86"",""0.33"","""",""10736.58"",""7332"",""False"",""0"",""4"""

"a56a18,""UAL273  "",""United States"",""1643708413"",""1643708413"",""-75.0906"",""40.8523"",""2865.12"",""False"",""150.74"",""100.62"",""-9.1"","""",""2872.74"",""1457"",""False"",""0"",""4"""

"aad287,""FDX1559 "",""United States"",""1643708392"",""1643708392"",""-92.8053"",""36.1273"",""10363.2"",""False"",""223.25"",""291.78"",""0"","""",""10492.74"",""6313"",""False"",""0"",""5"""

"a8d273,""FDX2664 "",""United States"",""1643708413"",""1643708413"",""-85.6668"",""38.803"",""6156.96"",""False"",""216.85"",""350.72"",""-8.45"","""",""6217.92"",""7445"",""False"",""0"",""6"""

"a56a25,""UPS682  "",""United States"",""1643708413"",""1643708413"",""-91.3398"",""41.6053"",""9144"",""False"",""196.53"",""269.4"",""0"","""",""9098.28"",""1315"",""False"",""0"",""5"""

"ab9b9d,""UAL2497 "",""United States"",""1643708413"",""1643708413"",""-116.5382"",""47.029"",""11285.22"",""False"",""264.4"",""96.14"",""0.33"","""",""10972.8"",""3557"",""False"",""0"",""1"""

"ac259b,""DAL682  "",""United States"",""1643708413"",""1643708413"",""-95.8372"",""43.8961"",""10668"",""False"",""284.83"",""92.8"",""0"","""",""10477.5"","""",""False"",""0"",""4"""

"a14c53,""FDX1447 "",""United States"",""1643708413"",""1643708413"",""-89.9258"",""37.0281"",""10675.62"",""False"",""248.28"",""7.02"",""0"","""",""10797.54"","""",""False"",""0"",""0"""

"a080b8,""UPS1198 "",""United States"",""1643708413"",""1643708413"",""-80.5906"",""34.6409"",""5798.82"",""False"",""177.67"",""212.59"",""-21.13"","""",""5920.74"",""2647"",""False"",""0"",""6"""

"a66935,""DAL367  "",""United States"",""1643708413"",""1643708413"",""-111.8464"",""34.2696"",""11887.2"",""False"",""297.3"",""85.34"",""0.33"","""",""12054.84"","""",""False"",""0"",""0"""

"a356f6,""AAL2382 "",""United States"",""1643708413"",""1643708413"",""-88.7075"",""40.4505"",""11277.6"",""False"",""260.33"",""81.13"",""0"","""",""11262.36"",""7267"",""False"",""0"",""4"""

"ab4ba6,""JBU670  "",""United States"",""1643708412"",""1643708412"",""-89.8324"",""43.1248"",""10668"",""False"",""279.86"",""89.89"",""0.33"","""",""10584.18"",""3370"",""False"",""0"",""4"""

"a4d9a7,""UPS710  "",""United States"",""1643708013"",""1643708405"",""-95.2335"",""31.9113"",""8846.82"",""False"",""246.77"",""121.27"",""0"","""",""9022.08"",""6036"",""False"",""0"",""5"""

"a76f66,""UAL1442 "",""United States"",""1643708413"",""1643708413"",""-118.4981"",""33.8639"",""1752.6"",""False"",""132.79"",""185.34"",""12.03"","""",""1714.5"","""",""False"",""0"",""1"""

"a3d039,""DAL399  "",""United States"",""1643708412"",""1643708413"",""-75.909"",""41.3148"",""9319.26"",""False"",""261.02"",""104.15"",""-15.61"","""",""9220.2"",""6011"",""False"",""0"",""4"""

"ad4fe1,""AAL1587 "",""United States"",""1643708413"",""1643708413"",""-89.3713"",""41.2277"",""11277.6"",""False"",""252.06"",""79.65"",""0.33"","""",""11247.12"",""2647"",""False"",""0"",""1"""

"aa9fe3,""FDX1874 "",""United States"",""1643708282"",""1643708288"",""-122.2176"",""37.7187"","""",""True"",""0"",""39.38"","""","""","""",""6140"",""False"",""0"",""5"""

"a38c60,""DAL746  "",""United States"",""1643708413"",""1643708413"",""-94.4878"",""39.6843"",""11879.58"",""False"",""250.66"",""69.71"",""0"","""",""11887.2"",""3137"",""False"",""0"",""4"""

"a4a0d9,""DAL403  "",""United States"",""1643708413"",""1643708413"",""-98.5453"",""35.3427"",""10660.38"",""False"",""263.99"",""88.55"",""0"","""",""10820.4"",""7241"",""False"",""0"",""0"""

"ab5365,""DAL328  "",""United States"",""1643708413"",""1643708413"",""-83.2364"",""42.2889"",""10668"",""False"",""274.07"",""97.66"",""0"","""",""10622.28"",""7225"",""False"",""0"",""1"""

"a08e46,""FDX1026 "",""United States"",""1643708413"",""1643708413"",""-96.9785"",""38.6414"",""10980.42"",""False"",""216.68"",""260.16"",""0"","""",""11026.14"",""3076"",""False"",""0"",""6"""

"a4acae,""AAL1810 "",""United States"",""1643708413"",""1643708413"",""-85.5044"",""39.7481"",""10668"",""False"",""260.1"",""81.47"",""0"","""",""10706.1"",""2666"",""False"",""0"",""0"""

"a76f43,""UAL499  "",""United States"",""1643708413"",""1643708413"",""-95.135"",""38.9918"",""11277.6"",""False"",""256.21"",""89.31"",""0"","""",""11315.7"",""6761"",""False"",""0"",""1"""

"a2606b,""N252RH  "",""United States"",""1643708413"",""1643708413"",""-119.4492"",""34.5965"",""3810"",""False"",""73.48"",""303.58"",""-0.33"","""",""3848.1"",""4775"",""False"",""0"",""2"""

"a51002,""UPS1316 "",""United States"",""1643708323"",""1643708323"",""-81.1812"",""31.3174"",""6934.2"",""False"",""240.35"",""195.14"",""0"","""",""7475.22"",""1705"",""False"",""0"",""0"""

"adf4e9,""JBU394  "",""United States"",""1643708412"",""1643708413"",""-100.562"",""40.6328"",""10652.76"",""False"",""269.78"",""75.2"",""0"","""",""10614.66"",""1470"",""False"",""0"",""0"""

"424338,""AZV555  "",""United Kingdom"",""1643708412"",""1643708412"",""-80.9998"",""30.9583"",""11590.02"",""False"",""229.52"",""184.11"",""0"","""",""11719.56"",""0705"",""False"",""0"",""1"""

"addadb,""JBU1523 "",""United States"",""1643707929"",""1643708412"",""-104.6941"",""36.6134"",""11582.4"",""False"",""190.78"",""255.48"",""0"","""",""11681.46"",""1126"",""False"",""0"",""4"""

"781348,""CCA626  "",""China"",""1643708412"",""1643708413"",""-123.9645"",""40.2151"",""11582.4"",""False"",""231.73"",""327.05"",""0"","""",""11559.54"",""5646"",""False"",""0"",""0"""

"846def,""NCA133  "",""Japan"",""1643708413"",""1643708413"",""-92.409"",""47.1768"",""10972.8"",""False"",""243.58"",""324.2"",""0"","""",""10645.14"",""6522"",""False"",""0"",""6"""

"a2bbac,""UAL2482 "",""United States"",""1643708413"",""1643708413"",""-96.1635"",""33.5745"",""11887.2"",""False"",""258.03"",""111.4"",""0"","""",""12062.46"",""3257"",""False"",""0"",""0"""

"a26be1,""UPS1276 "",""United States"",""1643708412"",""1643708413"",""-85.7129"",""38.1398"",""655.32"",""False"",""115.79"",""158.91"",""5.85"","""",""662.94"","""",""False"",""0"",""6"""

"c011a2,""VAL112  "",""Canada"",""1643708413"",""1643708413"",""-74.5893"",""45.5584"",""4899.66"",""False"",""101.17"",""248.52"",""5.53"","""",""4815.84"","""",""False"",""0"",""0"""

"c011b6,""CJT583  "",""Canada"",""1643708413"",""1643708413"",""-103.7919"",""50.4818"",""10370.82"",""False"",""225.28"",""285.5"",""-0.33"","""",""9814.56"","""",""False"",""0"",""6"""

"a535c2,""ASA188  "",""United States"",""1643708413"",""1643708413"",""-93.1533"",""44.1625"",""11887.2"",""False"",""264.83"",""102.79"",""0"","""",""11711.94"",""3561"",""False"",""0"",""1"""

"a5ce0f,""UPS1122 "",""United States"",""1643708370"",""1643708370"",""-72.8205"",""41.6748"",""1203.96"",""False"",""119.43"",""344.77"",""-3.58"","""",""1264.92"",""1177"",""False"",""0"",""5"""

"ab9074,""N844TX  "",""United States"",""1643708373"",""1643708412"",""-96.5838"",""32.7567"",""518.16"",""False"",""60.04"",""70.48"",""-3.25"","""",""472.44"","""",""False"",""0"",""0"""

"a4c872,""UPS674  "",""United States"",""1643708413"",""1643708413"",""-89.3796"",""42.0371"",""3817.62"",""False"",""174.64"",""236.17"",""13.98"","""",""3733.8"",""3154"",""False"",""0"",""5"""

"a96805,""N705KC  "",""United States"",""1643708413"",""1643708413"",""-73.6836"",""44.1008"",""4511.04"",""False"",""126.46"",""311.54"",""-6.18"","""",""4427.22"",""5373"",""False"",""0"",""2"""

"4243dd,""AFL109  "",""United Kingdom"",""1643708413"",""1643708413"",""-111.4411"",""39.6262"",""10058.4"",""False"",""277.99"",""41.77"",""0"","""",""10050.78"",""7306"",""False"",""0"",""0"""

"a104c3,""FDX2648 "",""United States"",""1643708412"",""1643708412"",""-88.3037"",""39.8408"",""7833.36"",""False"",""253.11"",""90.23"",""-12.68"","""",""7894.32"",""7365"",""False"",""0"",""0"""

"a2b10c,""UAL2378 "",""United States"",""1643708413"",""1643708413"",""-86.9178"",""41.8537"",""11277.6"",""False"",""262.37"",""89.89"",""0.33"","""",""11239.5"",""7142"",""False"",""0"",""0"""

"ab1979,""DAL721  "",""United States"",""1643708413"",""1643708413"",""-85.962"",""32.0989"",""12496.8"",""False"",""263.93"",""122.02"",""0"","""",""12664.44"",""2026"",""False"",""0"",""1"""

"ad2c16,""NKS266  "",""United States"",""1643708413"",""1643708413"",""-86.1908"",""41.3787"",""11277.6"",""False"",""260.86"",""86.27"",""0"","""",""11269.98"",""3314"",""False"",""0"",""0"""

"aa7abd,""UAL2680 "",""United States"",""1643708389"",""1643708389"",""-96.7037"",""45.3515"",""11277.6"",""False"",""261.44"",""93.95"",""0"","""","""","""",""False"",""0"",""4"""

"aa1a1d,""AVA042  "",""United States"",""1643708168"",""1643708177"",""-73.7738"",""40.621"",""-144.78"",""False"",""64.32"",""30.26"",""-3.25"","""",""15.24"",""2412"",""False"",""0"",""4"""

"a2b133,""UAL2611 "",""United States"",""1643708413"",""1643708413"",""-87.9388"",""41.8126"",""11277.6"",""False"",""264.99"",""88.89"",""0"","""",""11231.88"",""4357"",""False"",""0"",""0"""

"a967ae,""FFT678  "",""United States"",""1643708412"",""1643708412"",""-91.4398"",""34.3118"",""10668"",""False"",""236.98"",""120.96"",""0"","""",""10805.16"",""1434"",""False"",""0"",""1"""

"a4ea77,""AAL2484 "",""United States"",""1643708413"",""1643708413"",""-91.523"",""30.5132"",""11285.22"",""False"",""247.79"",""116.25"",""0"","""",""11475.72"",""7250"",""False"",""0"",""0"""

"c01e13,""FLE224  "",""Canada"",""1643708412"",""1643708412"",""-95.7903"",""45.8355"",""11887.2"",""False"",""251.41"",""104.09"",""0.98"","""",""11605.26"",""6664"",""False"",""0"",""0"""

"a059e3,""UAL1925 "",""United States"",""1643708413"",""1643708413"",""-95.2872"",""41.8524"",""11277.6"",""False"",""271.11"",""79.39"",""0"","""",""11170.92"",""3313"",""False"",""0"",""1"""

"a53781,""UPS634  "",""United States"",""1643708413"",""1643708413"",""-89.5903"",""40.8446"",""9448.8"",""False"",""224.65"",""195.4"",""0"","""",""9433.56"",""6547"",""False"",""0"",""5"""

"a10611,""UPS1126 "",""United States"",""1643708413"",""1643708413"",""-87.7328"",""42.2144"",""7665.72"",""False"",""268.93"",""93.07"",""8.45"","""",""7620"",""6532"",""False"",""0"",""6"""

"a451db,""DAL899  "",""United States"",""1643708413"",""1643708413"",""-100.2121"",""35.5152"",""11277.6"",""False"",""265.96"",""93.55"",""0"","""",""11430"",""3075"",""False"",""0"",""0"""

"c01e1a,""FLE385  "",""Canada"",""1643708412"",""1643708412"",""-84.5973"",""47.0514"",""11887.2"",""False"",""264.76"",""100.52"",""0.33"","""",""11658.6"",""6673"",""False"",""0"",""0"""

"a1ff46,""FFT738  "",""United States"",""1643708412"",""1643708412"",""-91.4278"",""33.8476"",""10668"",""False"",""234.59"",""124.46"",""0"","""",""10820.4"",""1443"",""False"",""0"",""4"""

"a87196,""NKS700  "",""United States"",""1643708413"",""1643708413"",""-98.0735"",""38.3097"",""11887.2"",""False"",""256.2"",""89.65"",""0"","""",""11955.78"",""1045"",""False"",""0"",""1"""

"a21f57,""FFT2016 "",""United States"",""1643708413"",""1643708413"",""-98.0524"",""40.3628"",""10668"",""False"",""259.81"",""76.95"",""0"","""",""10652.76"",""7345"",""False"",""0"",""1"""

"a08f94,""UPS938  "",""United States"",""1643708413"",""1643708413"",""-89.551"",""38.483"",""10355.58"",""False"",""208.16"",""276.53"",""0"","""",""10447.02"",""6650"",""False"",""0"",""6"""

"a39fb1,""UAL1605 "",""United States"",""1643708413"",""1643708413"",""-95.6324"",""39.2413"",""11277.6"",""False"",""250.83"",""78.04"",""0"","""",""11315.7"",""2015"",""False"",""0"",""1"""

"a90770,""FDX2617 "",""United States"",""1643708408"",""1643708411"",""-88.5706"",""35.6404"",""10668"",""False"",""231.33"",""20.57"",""0"","""",""10812.78"",""2504"",""False"",""0"",""1"""

"a821e4,""FDX1584 "",""United States"",""1643708411"",""1643708411"",""-90.8485"",""35.0244"",""6606.54"",""False"",""249"",""270.36"",""9.1"","""",""6682.74"",""1516"",""False"",""0"",""6"""

"a33327,""AAL2156 "",""United States"",""1643708413"",""1643708413"",""-89.5338"",""41.1545"",""10668"",""False"",""256.11"",""83.89"",""0"","""",""10645.14"",""0705"",""False"",""0"",""4"""

"a92d6d,""UAL218  "",""United States"",""1643708323"",""1643708325"",""-110.7971"",""36.221"",""11277.6"",""False"",""282.65"",""72.85"",""-0.33"","""",""11399.52"",""3714"",""False"",""0"",""6"""

"a874e1,""JBU132  "",""United States"",""1643708340"",""1643708412"",""-93.6143"",""33.883"",""11887.2"",""False"",""250.28"",""97.8"",""0.33"","""",""12039.6"",""2063"",""False"",""0"",""4"""

"a6c12f,""VOI400  "",""United States"",""1643708258"",""1643708258"",""-114.173"",""30.7932"",""11277.6"",""False"",""271.83"",""127"",""0"","""",""11582.4"","""",""False"",""0"",""0"""

"c1e983,""SW 84   "",""Canada"",""1643708353"",""1643708353"",""-114.0242"",""51.1233"","""",""True"",""10.8"",""180"","""","""","""","""",""False"",""0"",""17"""

"c1e985,"""",""Canada"",""1643708404"",""1643708409"",""-114.0213"",""51.1259"","""",""True"",""8.75"",""354.38"","""","""","""","""",""False"",""0"",""17"""

"ad72f1,""FDX2632 "",""United States"",""1643708413"",""1643708413"",""-81.0665"",""40.8548"",""11582.4"",""False"",""211.1"",""260.74"",""0"","""",""11536.68"",""3333"",""False"",""0"",""5"""

"c1e989,""SW 91   "",""Canada"",""1643708194"",""1643708194"",""-114.0185"",""51.1322"","""",""True"",""7.72"",""180"","""","""","""","""",""False"",""0"",""17"""

"a80d40,""JBU2797 "",""United States"",""1643707105"",""1643708410"",""-109.3362"",""34.0941"",""10675.62"",""False"",""340.33"",""99.22"",""-0.33"","""",""10896.6"","""",""False"",""0"",""1"""

"a00c80,""DAL1119 "",""United States"",""1643708410"",""1643708411"",""-74.1762"",""40.6877"","""",""True"",""0.06"",""295.31"","""","""","""",""4127"",""False"",""0"",""0"""

"a7ed1c,""N61HH   "",""United States"",""1643708412"",""1643708413"",""-120.7834"",""44.9564"",""10058.4"",""False"",""195.84"",""111.58"",""0"","""",""9875.52"",""3505"",""False"",""0"",""0"""

"4d012b,""CLX46U  "",""Luxembourg"",""1643708410"",""1643708413"",""-114.0354"",""51.1297"","""",""True"",""0"",""104.06"","""","""","""",""2000"",""False"",""0"",""1"""

"a1463a,""AAL1071 "",""United States"",""1643708413"",""1643708413"",""-97.5009"",""34.9573"",""10668"",""False"",""259.58"",""95.8"",""-0.33"","""",""10774.68"",""7276"",""False"",""0"",""0"""

"c05f94,""ROU1854 "",""Canada"",""1643708413"",""1643708413"",""-89.6976"",""42.9421"",""11277.6"",""False"",""265.82"",""80.08"",""0.65"","""",""11170.92"",""6766"",""False"",""0"",""0"""

"a5031a,""AAL409  "",""United States"",""1643708413"",""1643708413"",""-85.7976"",""40.0496"",""11277.6"",""False"",""255.14"",""84.91"",""0"","""",""11308.08"",""1065"",""False"",""0"",""0"""

"a3cf6d,""UAL1654 "",""United States"",""1643708413"",""1643708413"",""-113.6407"",""33.1478"",""11277.6"",""False"",""281.14"",""98.84"",""0"","""",""11490.96"",""7307"",""False"",""0"",""4"""

"aaab08,""FDX1541 "",""United States"",""1643708413"",""1643708413"",""-95.739"",""31.3458"",""10363.2"",""False"",""250.33"",""233.27"",""0"","""",""10576.56"",""1634"",""False"",""0"",""5"""

"aa74ae,""BVN8275 "",""United States"",""1643708409"",""1643708409"",""-97.4116"",""36.935"",""2484.12"",""False"",""84.39"",""358.6"",""0"","""",""2446.02"",""2205"",""False"",""0"",""2"""

"c07973,""ACA224  "",""Canada"",""1643708411"",""1643708411"",""-114.0092"",""51.1291"","""",""True"",""0"",""95.62"","""","""","""",""0032"",""False"",""0"",""0"""

"0d0866,""VOI832  "",""Mexico"",""1643708412"",""1643708412"",""-115.1652"",""31.1054"",""11292.84"",""False"",""266.71"",""133.67"",""7.48"","""",""11574.78"","""",""False"",""0"",""4"""

"0d0867,""VOI245  "",""Mexico"",""1643708412"",""1643708413"",""-115.0562"",""32.5441"",""11879.58"",""False"",""256.01"",""127.65"",""0"","""",""12123.42"",""3240"",""False"",""0"",""4"""

"a92171,""FDX2671 "",""United States"",""1643708413"",""1643708413"",""-80.2254"",""36.1827"",""4030.98"",""False"",""185.68"",""297.2"",""15.28"","""",""4038.6"","""",""False"",""0"",""1"""

"0d0804,""AMX661  "",""Mexico"",""1643708407"",""1643708407"",""-96.0007"",""38.6184"",""7315.2"",""False"",""189.49"",""235.62"",""0"","""",""7345.68"",""6216"",""False"",""0"",""1"""

"a24c99,""UAL574  "",""United States"",""1643708413"",""1643708413"",""-74.2173"",""40.6099"",""335.28"",""False"",""75.93"",""25.7"",""-3.9"","""",""441.96"",""7370"",""False"",""0"",""1"""

"a06e35,""FDX1876 "",""United States"",""1643708413"",""1643708413"",""-121.9594"",""37.362"",""4404.36"",""False"",""208.82"",""141.8"",""14.63"","""",""4411.98"",""3242"",""False"",""0"",""0"""

"aca35d,""REH50   "",""United States"",""1643708413"",""1643708413"",""-122.356"",""37.613"",""0"",""False"",""54.32"",""298.26"",""-3.9"","""",""7.62"",""4577"",""False"",""0"",""0"""

"780daa,""CSN411  "",""China"",""1643708412"",""1643708413"",""-89.5542"",""42.6207"",""5608.32"",""False"",""231.23"",""109.77"",""-11.7"","""",""5539.74"",""5750"",""False"",""0"",""1"""

"c04aca,""CJT573  "",""Canada"",""1643708412"",""1643708412"",""-102.0061"",""51.191"",""9761.22"",""False"",""230.62"",""290.09"",""-0.33"","""",""9174.48"",""2276"",""False"",""0"",""6"""

"a1cb05,""JBU1524 "",""United States"",""1643708412"",""1643708412"",""-88.5082"",""42.5273"",""10668"",""False"",""265.46"",""89.56"",""0"","""",""10614.66"",""1013"",""False"",""0"",""0"""

"a3c2d5,""UPS948  "",""United States"",""1643708268"",""1643708291"",""-99.9766"",""42.8978"",""10370.82"",""False"",""195.07"",""274.54"",""0"","""",""10203.18"",""3616"",""False"",""0"",""0"""

"a4f5cc,""419DVY  "",""United States"",""1643708412"",""1643708412"",""-83.8703"",""36.3669"",""7010.4"",""False"",""132.33"",""2.45"",""0"","""",""7078.98"",""4376"",""False"",""0"",""0"""

"a18284,""DAL845  "",""United States"",""1643708413"",""1643708413"",""-96.7802"",""41.303"",""11277.6"",""False"",""266.1"",""114.68"",""0"","""",""11209.02"",""3525"",""False"",""0"",""6"""

"a742a4,""PKW896  "",""United States"",""1643708187"",""1643708187"",""-84.5171"",""41.2929"",""2590.8"",""False"",""134.59"",""62.95"",""-5.2"","""",""2552.7"","""",""False"",""0"",""3"""

"ad2fcd,""NKS396  "",""United States"",""1643708413"",""1643708413"",""-83.4172"",""41.2203"",""11277.6"",""False"",""270.07"",""98.65"",""0.33"","""",""11262.36"",""4327"",""False"",""0"",""0"""

"adcf08,""WIS101  "",""United States"",""1643708413"",""1643708413"",""-93.3096"",""45.2163"",""1463.04"",""False"",""52.58"",""306.65"",""4.23"","""",""1295.4"",""4541"",""False"",""0"",""2"""

"aac3f4,""JBU2050 "",""United States"",""1643708412"",""1643708413"",""-109.3773"",""34.9509"",""10675.62"",""False"",""270.47"",""85.31"",""0"","""",""10843.26"","""",""False"",""0"",""1"""

"a3c2a9,""AAL2742 "",""United States"",""1643708412"",""1643708413"",""-101.2323"",""34.6574"",""10668"",""False"",""268.15"",""96.39"",""0"","""",""10858.5"","""",""False"",""0"",""0"""

"ad1cde,""JBU6116 "",""United States"",""1643708413"",""1643708413"",""-86.1293"",""42.347"",""11277.6"",""False"",""264.63"",""94.24"",""0"","""",""11216.64"",""3332"",""False"",""0"",""4"""

"ab839d,""AAL996  "",""United States"",""1643708412"",""1643708413"",""-94.3995"",""30.4883"",""11574.78"",""False"",""231.63"",""308.78"",""0"","""",""11803.38"",""7437"",""False"",""0"",""0"""

"ac9c9f,""N911YY  "",""United States"",""1643708413"",""1643708413"",""-87.9061"",""41.8905"",""586.74"",""False"",""33.06"",""159.03"",""1.63"","""",""510.54"",""7313"",""False"",""0"",""0"""

"ace01b,""BVN8280 "",""United States"",""1643708413"",""1643708413"",""-97.3241"",""32.873"",""1120.14"",""False"",""50.46"",""182.34"",""3.25"","""",""1089.66"","""",""False"",""0"",""0"""

"ad0074,""JBU264  "",""United States"",""1643708413"",""1643708413"",""-122.3087"",""47.4637"","""",""True"",""8.75"",""270"","""","""","""",""3552"",""False"",""0"",""4"""

"a5b56c,""UPS1038 "",""United States"",""1643708412"",""1643708412"",""-82.674"",""42.3366"",""11277.6"",""False"",""268.47"",""85.16"",""0"","""",""11186.16"",""3162"",""False"",""0"",""5"""

"ace063,""JBU1982 "",""United States"",""1643708410"",""1643708410"",""-74.1829"",""40.6825"","""",""True"",""0"",""2.81"","""","""","""",""7776"",""False"",""0"",""4"""

"ab351a,""TSU821  "",""United States"",""1643708413"",""1643708413"",""-94.4902"",""45.0041"",""10363.2"",""False"",""224.11"",""339.86"",""0"","""",""10111.74"",""5672"",""False"",""0"",""0"""

"a2b728,""UPS782  "",""United States"",""1643708411"",""1643708412"",""-94.844"",""32.9637"",""10972.8"",""False"",""242.83"",""233.62"",""0"","""",""11148.06"",""6746"",""False"",""0"",""6"""

"a4f75f,""UPS956  "",""United States"",""1643708413"",""1643708413"",""-98.7323"",""42.571"",""11582.4"",""False"",""190.99"",""267.84"",""0"","""",""11437.62"",""1754"",""False"",""0"",""5"""

"a4943f,""UAL1202 "",""United States"",""1643708413"",""1643708413"",""-108.2295"",""38.005"",""11277.6"",""False"",""268.82"",""68.44"",""0"","""",""11323.32"","""",""False"",""0"",""4"""

"a80dac,""NKS1168 "",""United States"",""1643708413"",""1643708413"",""-94.3152"",""41.3056"",""10668"",""False"",""263.21"",""83.15"",""0"","""",""10645.14"",""7305"",""False"",""0"",""1"""

"ad0c51,""RAX123  "",""United States"",""1643708271"",""1643708294"",""-87.4646"",""39.4702"",""960.12"",""False"",""141.09"",""87.49"",""-2.28"","""",""960.12"",""3345"",""False"",""0"",""0"""

"add6db,""FDX1524 "",""United States"",""1643707867"",""1643708413"",""-92.5745"",""33.3504"",""10363.2"",""False"",""236.42"",""245.44"",""0"","""",""10530.84"",""1501"",""False"",""0"",""5"""

"c0671b,""ACA1038 "",""Canada"",""1643708409"",""1643708409"",""-79.6126"",""43.6798"","""",""True"",""0.06"",""53.44"","""","""","""",""0607"",""False"",""0"",""0"""

"a51770,""UPS1244 "",""United States"",""1643708299"",""1643708338"",""-80.5005"",""34.4437"",""3429"",""False"",""183.34"",""225.45"",""-6.18"","""",""3474.72"",""5676"",""False"",""0"",""5"""

"48ae22,""LOT4NL  "",""Poland"",""1643708412"",""1643708412"",""-78.5951"",""49.8239"",""11269.98"",""False"",""255.03"",""45.9"",""0"","""",""10934.7"",""7403"",""False"",""0"",""0"""

"a67f04,""GTI3684 "",""United States"",""1643708136"",""1643708187"",""-114.2577"",""45.5444"",""11582.4"",""False"",""207.89"",""274.26"",""0"","""",""11338.56"",""6775"",""False"",""0"",""0"""

"a5adfe,""UPS890  "",""United States"",""1643708411"",""1643708413"",""-97.984"",""33.0337"",""7932.42"",""False"",""221.57"",""288.27"",""17.23"","""",""8069.58"",""0556"",""False"",""0"",""0"""

"a8c74e,""FDX1061 "",""United States"",""1643708412"",""1643708412"",""-80.5702"",""36.5659"",""8084.82"",""False"",""213.55"",""315.68"",""13"","""",""8161.02"","""",""False"",""0"",""6"""

"a791c0,""AAL496  "",""United States"",""1643707260"",""1643708410"",""-108.8324"",""34.3341"",""10073.64"",""False"",""422.35"",""93.98"",""0"","""",""10287"","""",""False"",""0"",""4"""

"a92ddf,""UAL362  "",""United States"",""1643708413"",""1643708413"",""-93.4678"",""41.7455"",""11277.6"",""False"",""269.76"",""85.84"",""0"","""",""11209.02"",""2772"",""False"",""0"",""1"""

"a2afba,""UPS754  "",""United States"",""1643708413"",""1643708413"",""-89.6442"",""41.8422"",""6713.22"",""False"",""208.15"",""211.77"",""13.33"","""",""6652.26"",""6203"",""False"",""0"",""6"""

"a2064f,""CTL9    "",""United States"",""1643708350"",""1643708413"",""-96.4604"",""33.9764"",""3048"",""False"",""82.98"",""194.73"",""-0.98"","""",""3055.62"",""7140"",""False"",""0"",""2"""

"a8bfb6,""DAL8946 "",""United States"",""1643708400"",""1643708400"",""-118.4182"",""33.947"","""",""True"",""5.14"",""205.31"","""","""","""",""7404"",""False"",""0"",""5"""

"89911d,""CAL5234 "",""Taiwan"",""1643708369"",""1643708371"",""-105.9905"",""48.9358"",""10668"",""False"",""266.5"",""132.65"",""-0.33"","""",""10165.08"",""4532"",""False"",""0"",""1"""

"a82952,""FDX1402 "",""United States"",""1643708413"",""1643708413"",""-84.5561"",""36.5055"",""11262.36"",""False"",""249.72"",""71.75"",""0"","""",""11376.66"",""1656"",""False"",""0"",""1"""

"a61ce7,""TAI591  "",""United States"",""1643708413"",""1643708413"",""-81.2692"",""33.2257"",""9761.22"",""False"",""233.5"",""208.99"",""0"","""",""9898.38"",""5144"",""False"",""0"",""1"""

"c05eac,""ACA176  "",""Canada"",""1643708405"",""1643708406"",""-86.5497"",""47.5498"",""24170.64"",""False"",""253.74"",""118.85"",""0"","""",""11010.9"","""",""True"",""0"",""1"""

"a120fe,""DAL753  "",""United States"",""1643708413"",""1643708413"",""-79.8844"",""41.746"",""10668"",""False"",""266.98"",""97.08"",""0"","""",""10576.56"",""2757"",""False"",""0"",""6"""

"c05edb,""ACA415  "",""Canada"",""1643708411"",""1643708411"",""-79.6178"",""43.6792"","""",""True"",""0"",""73.12"","""","""","""",""6217"",""False"",""0"",""0"""

"a0b35c,""UPS906  "",""United States"",""1643708412"",""1643708413"",""-101.3339"",""40.6699"",""9144"",""False"",""206.41"",""257.04"",""0"","""",""9113.52"",""6704"",""False"",""0"",""6"""

"c05ed0,""ACA427  "",""Canada"",""1643708405"",""1643708410"",""-79.6167"",""43.6826"",""76.2"",""True"",""0"",""45"","""","""","""",""0644"",""False"",""0"",""0"""

"a5c99e,""GTI8765 "",""United States"",""1643708413"",""1643708413"",""-94.2106"",""49.6931"",""10972.8"",""False"",""249.4"",""333.8"",""0"","""",""10507.98"",""5113"",""True"",""0"",""1"""

"0101de,""MSR981  "",""Egypt"",""1643708413"",""1643708413"",""-69.414"",""43.8466"",""11582.4"",""False"",""241.56"",""236.38"",""0.33"","""",""11369.04"",""0710"",""False"",""0"",""0"""

"8691aa,""ANA110  "",""Japan"",""1643708413"",""1643708413"",""-120.0799"",""48.0279"",""10668"",""False"",""269.78"",""101.44"",""-0.98"","""",""10378.44"",""1465"",""False"",""0"",""1"""

"a85185,""NKS334  "",""United States"",""1643708413"",""1643708413"",""-86.7538"",""41.3189"",""11277.6"",""False"",""261.54"",""87.75"",""0"","""",""11269.98"",""5656"",""False"",""0"",""1"""

"a360ea,""ATN3451 "",""United States"",""1643708203"",""1643708206"",""-113.9227"",""40.646"",""10363.2"",""False"",""196.85"",""263.25"",""0"","""",""10241.28"",""6714"",""False"",""0"",""0"""

"a4eff1,""UPS572  "",""United States"",""1643708307"",""1643708307"",""-91.1403"",""41.9403"",""2567.94"",""False"",""118.58"",""260.01"",""-6.83"","""",""2514.6"",""5317"",""False"",""0"",""5"""

"ab9387,""DAL110  "",""United States"",""1643708413"",""1643708413"",""-83.6649"",""32.9629"",""5913.12"",""False"",""165.96"",""316.76"",""-7.8"","""",""6050.28"",""0564"",""False"",""0"",""1"""

"aa10c3,""FDX1555 "",""United States"",""1643708413"",""1643708413"",""-100.582"",""35.3543"",""10355.58"",""False"",""210.41"",""269.58"",""0"","""",""10492.74"",""1616"",""False"",""0"",""1"""

"ad1c85,""FDX1964 "",""United States"",""1643708413"",""1643708413"",""-74.3654"",""40.9177"",""3749.04"",""False"",""180.87"",""332.2"",""15.28"","""",""3710.94"",""2720"",""False"",""0"",""5"""

"a3971c,""LN330PH "",""United States"",""1643708350"",""1643708413"",""-96.4131"",""33.1342"",""929.64"",""False"",""63.81"",""91.39"",""-1.3"","""",""891.54"","""",""False"",""0"",""0"""

"a69549,""NKS1157 "",""United States"",""1643708386"",""1643708386"",""-109.6627"",""36.5388"",""11582.4"",""False"",""195.02"",""255.49"",""-0.33"","""",""11696.7"",""1777"",""False"",""0"",""1"""

"a15778,""FDX2605 "",""United States"",""1643708413"",""1643708413"",""-100.5508"",""40.5602"",""11285.22"",""False"",""266.01"",""91"",""0.33"","""",""11247.12"",""3362"",""False"",""0"",""0"""

"a191a8,""RAX722  "",""United States"",""1643708412"",""1643708412"",""-95.1632"",""34.5876"",""11277.6"",""False"",""231.36"",""45"",""0"","""",""11422.38"",""2446"",""False"",""0"",""0"""

"a645df,""JBU778  "",""United States"",""1643708413"",""1643708413"",""-91.3455"",""43.5618"",""10668"",""False"",""278.74"",""93.17"",""0"","""",""10546.08"",""1075"",""False"",""0"",""4"""

"a097f4,""GTI7705 "",""United States"",""1643708413"",""1643708413"",""-81.701"",""30.257"",""11887.2"",""False"",""216.73"",""342.6"",""-0.33"","""",""12054.84"",""3716"",""False"",""0"",""0"""

"a01112,""AAL276  "",""United States"",""1643708413"",""1643708413"",""-83.8672"",""42.3589"",""10675.62"",""False"",""262.45"",""97.32"",""0"","""",""10622.28"",""3205"",""False"",""0"",""1"""

"a4b7d3,""AAL2001 "",""United States"",""1643708066"",""1643708367"",""-98.7454"",""45.4468"",""11292.84"",""False"",""268.65"",""103.4"",""-0.33"","""",""11026.14"","""",""False"",""0"",""0"""

"ad2f18,""FDX1988 "",""United States"",""1643708413"",""1643708413"",""-74.2917"",""40.3971"",""5829.3"",""False"",""184.75"",""210.64"",""11.05"","""",""5753.1"",""2716"",""False"",""0"",""1"""

"a837a7,""UAL1490 "",""United States"",""1643708413"",""1643708413"",""-116.3644"",""45.6762"",""11277.6"",""False"",""268.65"",""95.27"",""0"","""",""11018.52"",""0413"",""False"",""0"",""4"""

"a56ddc,""UPS1440 "",""United States"",""1643708413"",""1643708413"",""-83.3219"",""42.2864"",""541.02"",""False"",""61.22"",""208.07"",""-0.65"","""",""548.64"",""3324"",""False"",""0"",""5"""

"a837a5,""UAL1162 "",""United States"",""1643708413"",""1643708413"",""-73.9552"",""39.8009"",""1668.78"",""False"",""134.06"",""322.95"",""0"","""",""1691.64"",""3703"",""False"",""0"",""4"""

"406d6f,""DHK367  "",""United Kingdom"",""1643708413"",""1643708413"",""-73.2409"",""40.5729"",""2186.94"",""False"",""135"",""226.39"",""-4.23"","""",""2194.56"",""7226"",""False"",""0"",""6"""

"a3979f,""UPS856  "",""United States"",""1643708412"",""1643708413"",""-97.3536"",""39.8751"",""9761.22"",""False"",""217.62"",""247.92"",""0"","""",""9761.22"",""2036"",""False"",""0"",""6"""

"a93e7f,""NKS306  "",""United States"",""1643708106"",""1643708138"",""-82.8803"",""39.9972"","""",""True"",""0.39"",""275.62"","""","""","""",""1000"",""False"",""0"",""0"""

"c1e5bc,""WLD 62  "",""Canada"",""1643708409"",""1643708412"",""-123.1898"",""49.1927"","""",""True"",""0"",""199.69"","""","""","""","""",""False"",""0"",""0"""

"c1e5bf,""WLD 67  "",""Canada"",""1643708413"",""1643708413"",""-123.1938"",""49.192"","""",""True"",""3.86"",""126.56"","""","""","""","""",""False"",""0"",""0"""

"acc76b,""AAL2083 "",""United States"",""1643708413"",""1643708413"",""-95.0393"",""39.0686"",""10675.62"",""False"",""249.38"",""105.56"",""0"","""",""10713.72"",""3311"",""False"",""0"",""4"""

"a0cf7a,""N151SD  "",""United States"",""1643707499"",""1643708399"",""-109.7056"",""32.6864"",""12473.94"",""False"",""292.98"",""105.79"",""-1.3"","""",""12740.64"",""7364"",""False"",""0"",""0"""

"a406c9,""FFT790  "",""United States"",""1643708397"",""1643708401"",""-118.3307"",""44.5054"",""11292.84"",""False"",""268.5"",""109.82"",""0.33"","""",""11109.96"",""3576"",""False"",""0"",""0"""

"a4b996,""UPS910  "",""United States"",""1643708408"",""1643708411"",""-98.4935"",""38.306"",""9144"",""False"",""225.98"",""238.12"",""0"","""",""9204.96"",""6523"",""False"",""0"",""5"""

"ac5121,""N893GT  "",""United States"",""1643708127"",""1643708127"",""-112.3674"",""33.4292"",""297.18"",""False"",""4.37"",""225"",""-1.3"","""",""266.7"","""",""False"",""0"",""2"""

"aa0a6e,""SKW3090 "",""United States"",""1643708413"",""1643708413"",""-121.5042"",""37.0775"",""5745.48"",""False"",""212.38"",""138.04"",""7.48"","""",""5798.82"",""3244"",""False"",""0"",""0"""

"a31064,""JLG297  "",""United States"",""1643708413"",""1643708413"",""-91.4797"",""40.6421"",""12192"",""False"",""175.49"",""282.53"",""0"","""",""12146.28"",""7545"",""False"",""0"",""2"""

"869560,""ANA9650 "",""Japan"",""1643708412"",""1643708412"",""-116.4244"",""47.7817"",""11277.6"",""False"",""271.87"",""95.54"",""0.33"","""",""10942.32"",""1464"",""False"",""0"",""0"""

"a3d3f0,""DAL373  "",""United States"",""1643708413"",""1643708413"",""-86.5013"",""35.6889"",""10660.38"",""False"",""242.14"",""125.75"",""0"","""",""10789.92"",""6036"",""False"",""0"",""4"""

"a55024,""UPS554  "",""United States"",""1643708202"",""1643708202"",""-93.1833"",""44.8766"",""419.1"",""False"",""61.95"",""302.11"",""-3.58"","""",""297.18"",""6710"",""False"",""0"",""5"""

"a38527,""FFT551  "",""United States"",""1643708412"",""1643708412"",""-117.177"",""32.7305"",""22.86"",""False"",""71.3"",""286.34"",""-4.88"","""",""30.48"","""",""False"",""0"",""1"""

"a8bca7,""N662LF  "",""United States"",""1643708413"",""1643708413"",""-122.2552"",""47.4743"",""586.74"",""False"",""77.21"",""150.02"",""9.1"","""",""662.94"",""4601"",""False"",""0"",""0"""

"c1e80b,""MTC55   "",""Canada"",""1643708117"",""1643708117"",""-79.6003"",""43.6693"","""",""True"",""8.75"",""143.44"","""","""","""","""",""False"",""0"",""17"""

"a06bcc,""UPS1476 "",""United States"",""1643708322"",""1643708322"",""-85.2471"",""42.7084"",""1508.76"",""False"",""143.63"",""76.96"",""-3.9"","""",""1882.14"",""1312"",""False"",""0"",""6"""

"a4a5c9,""LBQ611  "",""United States"",""1643708413"",""1643708413"",""-94.5618"",""38.964"",""1524"",""False"",""136.76"",""28.78"",""-6.83"","""",""1478.28"","""",""False"",""0"",""2"""

"a2c86d,""FDX1853 "",""United States"",""1643708405"",""1643708410"",""-122.2186"",""37.7166"","""",""True"",""0"",""140.62"","""","""","""",""6032"",""False"",""0"",""0"""

"a49206,""DAL940  "",""United States"",""1643708412"",""1643708412"",""-85.6648"",""34.2642"",""6301.74"",""False"",""206.17"",""112.6"",""-10.4"","""",""6431.28"",""2672"",""False"",""0"",""0"""

"aba7b0,""DAL672  "",""United States"",""1643708146"",""1643708412"",""-85.4065"",""30.5287"",""11887.2"",""False"",""257.92"",""134.6"",""0"","""",""12077.7"",""0165"",""False"",""0"",""0"""

"a3d568,""UPS918  "",""United States"",""1643708412"",""1643708413"",""-88.086"",""38.0095"",""10370.82"",""False"",""220.23"",""271.2"",""0"","""",""10454.64"",""6727"",""False"",""0"",""6"""

"ab7a21,""DAL967  "",""United States"",""1643708412"",""1643708412"",""-95.01"",""36.2805"",""10668"",""False"",""252.49"",""105.48"",""0"","""",""10774.68"",""3352"",""False"",""0"",""4"""

"acfd29,""NKS640  "",""United States"",""1643708413"",""1643708413"",""-84.9546"",""41.8224"",""11285.22"",""False"",""266.28"",""79.54"",""0"","""",""11247.12"",""2706"",""False"",""0"",""0"""

"869582,""ANA105  "",""Japan"",""1643708412"",""1643708412"",""-123.8008"",""37.8633"",""9753.6"",""False"",""231.78"",""316.35"",""0"","""",""9761.22"",""7360"",""False"",""0"",""0"""

"a9335a,""NKS356  "",""United States"",""1643708412"",""1643708412"",""-105.551"",""38.6238"",""10668"",""False"",""268.97"",""82.2"",""0"","""",""10744.2"","""",""False"",""0"",""0"""

"a202fd,""FFT614  "",""United States"",""1643708412"",""1643708413"",""-91.2108"",""34.0389"",""11285.22"",""False"",""240.79"",""128.76"",""0.33"","""",""11437.62"",""1413"",""False"",""0"",""4"""

"a50e3f,""AAL2091 "",""United States"",""1643708408"",""1643708408"",""-87.5291"",""32.0793"",""11277.6"",""False"",""248"",""111.67"",""0.33"","""",""11437.62"",""7350"",""False"",""0"",""0"""

"a7424d,""LBQ870  "",""United States"",""1643708412"",""1643708412"",""-83.4793"",""34.259"",""4175.76"",""False"",""98.18"",""38.19"",""6.5"","""",""4267.2"","""",""False"",""0"",""0"""

"a037da,""FDX5048 "",""United States"",""1643708413"",""1643708413"",""-74.1854"",""40.6774"","""",""True"",""0"",""205.31"","""","""","""",""3041"",""False"",""0"",""6"""

"a8ab3c,""JBU1158 "",""United States"",""1643708413"",""1643708413"",""-101.6107"",""30.8085"",""11277.6"",""False"",""270.23"",""97.33"",""0"","""",""11567.16"",""0717"",""False"",""0"",""0"""

"adc238,""JBU2124 "",""United States"",""1643708413"",""1643708413"",""-73.8833"",""40.4799"",""746.76"",""False"",""96.1"",""29.86"",""0"","""",""815.34"",""7264"",""False"",""0"",""4"""

"a144e5,""FDX1421 "",""United States"",""1643708412"",""1643708412"",""-88.6858"",""34.6769"",""8839.2"",""False"",""244.69"",""98.83"",""1.63"","""",""8991.6"","""",""False"",""0"",""0"""

"a43d09,""UPS858  "",""United States"",""1643708412"",""1643708413"",""-89.1404"",""37.7941"",""10370.82"",""False"",""217.57"",""266.2"",""0"","""",""10477.5"",""4070"",""False"",""0"",""0"""

"a825e3,""JBU354  "",""United States"",""1643708413"",""1643708413"",""-96.2278"",""42.4053"",""10675.62"",""False"",""271.32"",""81.06"",""0"","""",""10591.8"",""5447"",""False"",""0"",""1"""

"a3cdfa,""UPS970  "",""United States"",""1643708402"",""1643708410"",""-97.7418"",""44.2139"",""11582.4"",""False"",""203.9"",""283.12"",""-0.33"","""",""11353.8"",""1316"",""True"",""0"",""6"""

"a67d56,""VOI363  "",""United States"",""1643708413"",""1643708413"",""-90.7041"",""37.4542"",""10370.82"",""False"",""217.49"",""208.08"",""0"","""",""10477.5"",""2663"",""False"",""0"",""1"""

"c01624,"""",""Canada"",""1643708404"",""1643708410"",""-79.6271"",""43.6877"","""",""True"",""0.06"",""126.56"","""","""","""",""1200"",""False"",""0"",""0"""

"adacfd,""AAL581  "",""United States"",""1643708413"",""1643708413"",""-106.3369"",""36.8849"",""10675.62"",""False"",""262.83"",""69.01"",""0"","""",""10805.16"","""",""False"",""0"",""1"""

"a6b253,""VOI814  "",""United States"",""1643708412"",""1643708413"",""-115.2699"",""31.4977"",""10370.82"",""False"",""269.68"",""126.39"",""6.18"","""",""10629.9"","""",""False"",""0"",""4"""

"a3778e,""UPS1342 "",""United States"",""1643708248"",""1643708260"",""-77.6922"",""33.3101"",""11582.4"",""False"",""243.38"",""197.98"",""0"","""",""11635.74"",""5431"",""False"",""0"",""6"""

"a9d5e5,""UAL333  "",""United States"",""1643708413"",""1643708413"",""-79.1398"",""41.3652"",""12496.8"",""False"",""249.55"",""98.3"",""0"","""",""12435.84"",""1422"",""False"",""0"",""4"""

"a35d59,""AJT901  "",""United States"",""1643708413"",""1643708413"",""-84.7875"",""38.5955"",""5836.92"",""False"",""225.51"",""164.79"",""13.33"","""",""5852.16"","""",""False"",""0"",""1"""

"a2090d,""FFT1426 "",""United States"",""1643702965"",""1643708412"",""-108.3104"",""34.613"",""10668"",""False"",""268.99"",""70.21"",""0"","""","""",""0763"",""False"",""0"",""1"""

"a84d62,""JBU66   "",""United States"",""1643708413"",""1643708413"",""-85.8866"",""40.0367"",""11582.4"",""False"",""263.37"",""77.59"",""-0.33"","""",""11590.02"",""0711"",""False"",""0"",""4"""

"a8fda9,""FDX2604 "",""United States"",""1643708413"",""1643708413"",""-83.1763"",""40.9996"",""9753.6"",""False"",""208.94"",""246.34"",""0.33"","""",""9761.22"",""5762"",""False"",""0"",""1"""

"a1863b,""DAL157  "",""United States"",""1643708413"",""1643708413"",""-73.7938"",""40.5952"",""76.2"",""False"",""64.06"",""29.86"",""-3.25"","""",""190.5"",""7243"",""False"",""0"",""6"""

"a4c104,""UPS1336 "",""United States"",""1643708412"",""1643708412"",""-90.7253"",""31.3519"",""11285.22"",""False"",""251.41"",""107.14"",""0"","""",""11452.86"",""2260"",""False"",""0"",""5"""

"a58a36,""UPS1154 "",""United States"",""1643708413"",""1643708413"",""-77.5682"",""40.0705"",""7932.42"",""False"",""214.81"",""274.95"",""0"","""",""7886.7"",""2731"",""False"",""0"",""5"""

"a123e0,""UAL1197 "",""United States"",""1643708412"",""1643708413"",""-87.7704"",""40.944"",""11887.2"",""False"",""260.53"",""77.8"",""0"","""",""11864.34"",""0753"",""False"",""0"",""0"""

"a123e3,""UAL2374 "",""United States"",""1643708413"",""1643708413"",""-75.7671"",""41.0648"",""4808.22"",""False"",""202.62"",""110.05"",""-12.03"","""",""4770.12"",""6003"",""False"",""0"",""0"""

"a0a332,""FDX1471 "",""United States"",""1643708409"",""1643708412"",""-92.7874"",""34.4629"",""10370.82"",""False"",""239.34"",""256.83"",""0"","""",""10530.84"",""1510"",""False"",""0"",""6"""

"adb476,""AAL2793 "",""United States"",""1643708412"",""1643708412"",""-85.2544"",""39.1929"",""10675.62"",""False"",""252.2"",""126.12"",""0"","""",""10713.72"",""3502"",""False"",""0"",""1"""

"a44938,""UAL1094 "",""United States"",""1643708350"",""1643708413"",""-95.2343"",""33.6516"",""11277.6"",""False"",""249.77"",""97.81"",""0.33"","""",""11437.62"",""2073"",""False"",""0"",""0"""

"ac9f32,""N912MF  "",""United States"",""1643708413"",""1643708413"",""-122.0084"",""39.2931"",""3764.28"",""False"",""117.59"",""317.3"",""-0.65"","""",""3741.42"","""",""False"",""0"",""0"""

"a47cd1,""ATN3496 "",""United States"",""1643708412"",""1643708412"",""-116.3477"",""34.4653"",""10972.8"",""False"",""189.25"",""245.59"",""0"","""",""11056.62"","""",""False"",""0"",""0"""

"ab23b5,""DAL1072 "",""United States"",""1643708406"",""1643708406"",""-89.2684"",""31.5938"",""11887.2"",""False"",""250.09"",""109.59"",""0"","""",""12062.46"",""1375"",""False"",""0"",""1"""

"a5f3cf,""ASA634  "",""United States"",""1643708411"",""1643708412"",""-86.4586"",""32.0248"",""10668"",""False"",""239.74"",""134.39"",""0"","""",""10812.78"",""3175"",""False"",""0"",""4"""

"a7e62d,""NKS566  "",""United States"",""1643708413"",""1643708413"",""-99.9784"",""39.5847"",""11285.22"",""False"",""270.06"",""82.12"",""0"","""",""11292.84"",""7375"",""False"",""0"",""1"""

"a7d32e,""JBU604  "",""United States"",""1643708413"",""1643708413"",""-73.3951"",""38.8018"",""6012.18"",""False"",""206.03"",""336.76"",""-13"","""",""5974.08"",""4115"",""False"",""0"",""1"""

"a01820,""AMX697  "",""United States"",""1643708412"",""1643708412"",""-111.7355"",""36.3347"",""10668"",""False"",""242.59"",""145.37"",""0"","""",""10767.06"",""5173"",""True"",""0"",""0"""

"aa5f56,""ABX3176 "",""United States"",""1643708412"",""1643708412"",""-85.8786"",""42.056"",""10668"",""False"",""272.02"",""96.84"",""-0.33"","""",""10614.66"",""3266"",""False"",""0"",""0"""

"aa7974,""GTI1752 "",""United States"",""1643708379"",""1643708379"",""-112.2385"",""48.4832"",""9448.8"",""False"",""262.43"",""111.38"",""0"","""",""8999.22"",""1454"",""False"",""0"",""1"""

"ad646e,""JBU498  "",""United States"",""1643708413"",""1643708413"",""-87.4898"",""44.8151"",""11285.22"",""False"",""275.15"",""96.87"",""0"","""",""11117.58"",""2772"",""False"",""0"",""4"""

"a4ce28,""ATN3301 "",""United States"",""1643708413"",""1643708413"",""-88.1259"",""41.1884"",""11887.2"",""False"",""257.08"",""137.6"",""-0.65"","""",""11811"",""6615"",""False"",""0"",""0"""

"a448d1,""UAL1852 "",""United States"",""1643708412"",""1643708412"",""-121.8704"",""38.0437"",""6515.1"",""False"",""200.51"",""75.89"",""8.78"","""",""6515.1"",""3210"",""False"",""0"",""4"""

"a542a6,""UPS804  "",""United States"",""1643708412"",""1643708412"",""-102.4924"",""37.9851"",""9151.62"",""False"",""227.41"",""318.48"",""0"","""",""9189.72"",""0574"",""False"",""0"",""5"""

"a09b65,""GTI3855 "",""United States"",""1643708412"",""1643708413"",""-95.8949"",""43.7817"",""11285.22"",""False"",""262.59"",""109.22"",""0"","""",""11087.1"","""",""False"",""0"",""1"""

"a50887,""UAL2038 "",""United States"",""1643708413"",""1643708413"",""-120.8383"",""38.7225"",""4853.94"",""False"",""218.13"",""76.91"",""8.45"","""",""4869.18"","""",""False"",""0"",""1"""

"a28bf2,""UPS1292 "",""United States"",""1643708413"",""1643708413"",""-85.7124"",""38.007"",""2987.04"",""False"",""149.3"",""142.42"",""2.93"","""",""2987.04"","""",""False"",""0"",""0"""

"a448f5,""UAL2107 "",""United States"",""1643708413"",""1643708413"",""-113.0308"",""36.3809"",""8016.24"",""False"",""272.57"",""66.53"",""3.58"","""",""8069.58"","""",""False"",""0"",""0"""

"a017c9,""FDX2628 "",""United States"",""1643708413"",""1643708413"",""-91.8858"",""40.8599"",""10066.02"",""False"",""265.08"",""100.28"",""0"","""",""10066.02"",""3606"",""False"",""0"",""0"""

"a35283,""FFT1102 "",""United States"",""1643708412"",""1643708412"",""-99.1813"",""34.1104"",""10668"",""False"",""266.56"",""102.94"",""0"","""",""10866.12"","""",""False"",""0"",""1"""

"ab879f,""DAL1099 "",""United States"",""1643708413"",""1643708413"",""-115.2588"",""35.8723"",""10668"",""False"",""264.21"",""49.58"",""0.33"","""",""10728.96"",""7321"",""False"",""0"",""1"""

"a422f7,""DAL1510 "",""United States"",""1643708412"",""1643708412"",""-87.2599"",""36.0397"",""11894.82"",""False"",""248.45"",""120.76"",""0"","""",""11993.88"",""1465"",""False"",""0"",""0"""

"a4bb8a,""AAL1542 "",""United States"",""1643708412"",""1643708412"",""-96.5382"",""37.634"",""11887.2"",""False"",""254.75"",""78.94"",""0"","""",""11955.78"",""2646"",""False"",""0"",""0"""

"a8b848,""DAL8838 "",""United States"",""1643708410"",""1643708413"",""-81.0066"",""35.3963"",""1104.9"",""False"",""90.23"",""97.21"",""0"","""",""1158.24"",""2471"",""False"",""0"",""0"""

"a782e4,""AAL533  "",""United States"",""1643708412"",""1643708412"",""-101.4117"",""35.8064"",""10058.4"",""False"",""257.92"",""87.83"",""0.33"","""",""10195.56"",""7201"",""False"",""0"",""4"""

"a09ab9,""UPS610  "",""United States"",""1643708413"",""1643708413"",""-82.6261"",""41.1397"",""9136.38"",""False"",""212.36"",""283.73"",""0.98"","""",""9128.76"",""7134"",""False"",""0"",""6"""

"a4e883,""UPS1132 "",""United States"",""1643708345"",""1643708345"",""-78.7168"",""42.9501"",""160.02"",""False"",""61.49"",""223.98"",""-3.25"","""",""251.46"",""7121"",""False"",""0"",""5"""

"a675e8,""VOI868  "",""United States"",""1643708413"",""1643708413"",""-116.2755"",""32.3332"",""3307.08"",""False"",""151.68"",""290.03"",""-3.58"","""",""3360.42"","""",""False"",""0"",""1"""

"a9ab7b,""FDX1712 "",""United States"",""1643708412"",""1643708412"",""-85.5541"",""39.824"",""6499.86"",""False"",""244.94"",""68.18"",""11.38"","""",""6477"","""",""False"",""0"",""0"""

"a53d2c,""AAL1585 "",""United States"",""1643708413"",""1643708413"",""-94.4836"",""40.0335"",""10058.4"",""False"",""260.98"",""82.52"",""0"","""",""10096.5"",""7204"",""False"",""0"",""0"""

"a3ade9,""UPS556  "",""United States"",""1643708413"",""1643708413"",""-90.9468"",""42.9085"",""9151.62"",""False"",""222.36"",""323.85"",""0"","""",""9075.42"",""2416"",""False"",""0"",""6"""

"c03e07,""WJA418  "",""Canada"",""1643708413"",""1643708413"",""-87.3347"",""44.8473"",""11887.2"",""False"",""245.29"",""121.62"",""0"","""",""11696.7"",""0700"",""False"",""0"",""1"""

"a0afa5,""UPS778  "",""United States"",""1643708412"",""1643708413"",""-89.5961"",""41.1403"",""9098.28"",""False"",""225.67"",""199.3"",""11.38"","""",""9098.28"",""6517"",""False"",""0"",""6"""

"a6a11e,""VOI971  "",""United States"",""1643708413"",""1643708413"",""-117.5441"",""33.9364"",""11277.6"",""False"",""255.01"",""141.14"",""-0.33"","""",""11437.62"",""3227"",""False"",""0"",""4"""

"a471ec,""DAL1254 "",""United States"",""1643708230"",""1643708232"",""-83.3449"",""42.2554"",""350.52"",""False"",""64.65"",""206.97"",""-4.23"","""",""381"",""2037"",""False"",""0"",""0"""

"71be29,""KAL233  "",""Republic of Korea"",""1643708412"",""1643708413"",""-88.8811"",""42.8401"",""10972.8"",""False"",""212.36"",""306.93"",""-0.33"","""",""10896.6"",""6541"",""False"",""0"",""6"""

"a066c7,""FDX2600 "",""United States"",""1643708413"",""1643708413"",""-77.1826"",""40.8773"",""10980.42"",""False"",""216.07"",""269.59"",""0"","""",""10866.12"",""1633"",""False"",""0"",""6"""

"a5449a,""AAL1471 "",""United States"",""1643708411"",""1643708412"",""-116.0831"",""46.2563"",""10050.78"",""False"",""260.36"",""110.83"",""-0.33"","""",""9745.98"",""0033"",""False"",""0"",""0"""

"a0ec20,""FDX1157 "",""United States"",""1643708413"",""1643708413"",""-94.497"",""35.9162"",""10675.62"",""False"",""250.92"",""38.26"",""0"","""",""10812.78"",""0016"",""False"",""0"",""6"""

"c069de,""CJT567  "",""Canada"",""1643708413"",""1643708413"",""-98.6224"",""50.0652"",""8587.74"",""False"",""237.12"",""277.48"",""14.63"","""",""8084.82"",""4032"",""False"",""0"",""0"""

"ada227,""JBU1623 "",""United States"",""1643708399"",""1643708399"",""-118.416"",""33.938"","""",""True"",""5.14"",""84.38"","""","""","""",""6242"",""False"",""0"",""4"""

"a43ea3,""UAL2630 "",""United States"",""1643708412"",""1643708412"",""-101.1442"",""41.0043"",""11887.2"",""False"",""268.54"",""89.89"",""-0.33"","""",""11833.86"",""1650"",""False"",""0"",""4"""

"abba6c,""FDX47   "",""United States"",""1643708412"",""1643708413"",""-84.5118"",""40.4861"",""8717.28"",""False"",""219.36"",""250.12"",""-12.68"","""",""8732.52"",""0702"",""False"",""0"",""1"""

"a8fc73,""UAL1145 "",""United States"",""1643708412"",""1643708413"",""-119.8377"",""35.7333"",""10668"",""False"",""245.41"",""131.01"",""0"","""",""10721.34"",""3204"",""False"",""0"",""4"""

"0c20f4,""CMP383  "",""Panama"",""1643708413"",""1643708413"",""-118.6542"",""34.7469"",""10668"",""False"",""255.14"",""131.4"",""0"","""",""10751.82"",""3304"",""False"",""0"",""0"""

"a610e4,""N490JD  "",""United States"",""1643708413"",""1643708413"",""-96.0253"",""40.9874"",""1257.3"",""False"",""113.33"",""60.64"",""0"","""",""1196.34"",""2040"",""False"",""0"",""0"""

"a2feb8,""UPS602  "",""United States"",""1643708413"",""1643708413"",""-88.2471"",""41.9051"",""1226.82"",""False"",""108.6"",""297.05"",""0.65"","""",""1165.86"",""4021"",""False"",""0"",""6"""

"a445ef,""UAL476  "",""United States"",""1643708368"",""1643708411"",""-119.2416"",""38.4485"",""10668"",""False"",""260.15"",""80.67"",""0.33"","""",""10660.38"",""3366"",""False"",""0"",""4"""

"ad87dd,""FDX1425 "",""United States"",""1643708413"",""1643708413"",""-91.5762"",""33.2392"",""10363.2"",""False"",""236.03"",""216.67"",""0"","""",""10515.6"",""1554"",""False"",""0"",""5"""

"a42bd4,""UPS1014 "",""United States"",""1643708412"",""1643708413"",""-85.5882"",""38.1615"",""2567.94"",""False"",""150.24"",""351.73"",""16.26"","""",""2583.18"","""",""False"",""0"",""0"""

"a7dba2,""UPS223  "",""United States"",""1643708413"",""1643708413"",""-83.5514"",""39.594"",""10058.4"",""False"",""266.91"",""54.81"",""0"","""",""10096.5"",""4012"",""False"",""0"",""6"""

"a48e9e,""HAL90   "",""United States"",""1643708412"",""1643708412"",""-91.6156"",""42.9874"",""11887.2"",""False"",""277.5"",""85.85"",""0"","""",""11795.76"",""2765"",""False"",""0"",""0"""

"ac8a63,""NKS128  "",""United States"",""1643708413"",""1643708413"",""-87.5087"",""40.2937"",""11887.2"",""False"",""259.79"",""90.11"",""0.33"","""",""11871.96"",""7215"",""False"",""0"",""0"""

"0c210d,""CMP303  "",""Panama"",""1643708413"",""1643708413"",""-114.2302"",""31.8008"",""10668"",""False"",""280.83"",""118.44"",""0"","""",""10919.46"",""1035"",""False"",""0"",""0"""

"a96b80,""GTI096  "",""United States"",""1643708313"",""1643708398"",""-125.3042"",""36.9676"",""10668"",""False"",""263.68"",""112.36"",""0"","""",""10706.1"","""",""False"",""0"",""0"""

"a06464,""N124UV  "",""United States"",""1643708372"",""1643708372"",""-108.4943"",""34.5477"",""7010.4"",""False"",""140.46"",""149.4"",""0"","""",""7132.32"","""",""False"",""0"",""0"""

"a0645e,""UPS1216 "",""United States"",""1643708413"",""1643708413"",""-83.535"",""40.5069"",""10675.62"",""False"",""263.95"",""101.92"",""0"","""",""10690.86"",""5451"",""False"",""0"",""6"""

"a96b65,""FFT72   "",""United States"",""1643708276"",""1643708412"",""-94.3325"",""32.9565"",""11879.58"",""False"",""254.28"",""135.41"",""0.33"","""",""12047.22"",""1460"",""False"",""0"",""1"""

"a35aae,""AAL1292 "",""United States"",""1643708413"",""1643708413"",""-103.2822"",""37.5222"",""11277.6"",""False"",""270.09"",""90.22"",""-0.33"","""",""11361.42"",""1053"",""False"",""0"",""4"""

"a11afd,""UPS894  "",""United States"",""1643708413"",""1643708413"",""-87.1618"",""37.9112"",""9441.18"",""False"",""215.43"",""263.42"",""9.43"","""",""9525"","""",""False"",""0"",""6"""

"c1e9ca,"""",""Canada"",""1643708167"",""1643708167"",""-114.0021"",""51.1077"","""",""True"",""10.29"",""0"","""","""","""","""",""False"",""0"",""0"""

"a4e4cc,""UPS1352 "",""United States"",""1643708411"",""1643708412"",""-80.376"",""33.2418"",""10972.8"",""False"",""231.95"",""205.49"",""0.33"","""",""11102.34"",""4461"",""False"",""0"",""5"""

"a59ae2,""N460PB  "",""United States"",""1643708413"",""1643708413"",""-88.1352"",""42.868"",""6096"",""False"",""117.97"",""289.62"",""0"","""",""6057.9"",""4135"",""False"",""0"",""2"""

"a30d94,""UPS1338 "",""United States"",""1643708411"",""1643708412"",""-85.496"",""37.5667"",""5989.32"",""False"",""246.45"",""170.14"",""14.31"","""",""6035.04"","""",""False"",""0"",""6"""

"c1e9bc,""LDR159  "",""Canada"",""1643708404"",""1643708404"",""-113.9959"",""51.1283"","""",""True"",""6.69"",""73.12"","""","""","""","""",""False"",""0"",""17"""

"a0faec,""UPS598  "",""United States"",""1643708413"",""1643708413"",""-87.9814"",""38.8471"",""10363.2"",""False"",""211.71"",""293.64"",""-0.33"","""",""10447.02"",""1746"",""False"",""0"",""6"""

"a611c2,"""",""United States"",""1643708404"",""1643708410"",""-77.4503"",""38.9479"","""",""True"",""1.29"",""11.25"","""","""","""","""",""False"",""0"",""1"""

"c1e9b7,""LDR151  "",""Canada"",""1643708319"",""1643708319"",""-114.0151"",""51.1256"","""",""True"",""6.43"",""216.56"","""","""","""","""",""False"",""0"",""17"""

"a757ae,""AAL1783 "",""United States"",""1643708412"",""1643708412"",""-86.026"",""36.0372"",""11277.6"",""False"",""241.95"",""100.78"",""0"","""",""11391.9"",""3323"",""False"",""0"",""4"""

"a076d7,""EMD23   "",""United States"",""1643708413"",""1643708413"",""-103.907"",""38.7883"",""5189.22"",""False"",""146.94"",""126.03"",""-0.65"","""",""5181.6"",""1463"",""False"",""0"",""2"""

"a13608,""UAL2185 "",""United States"",""1643708413"",""1643708413"",""-93.3451"",""42.0917"",""12192"",""False"",""265.18"",""87.55"",""0"","""",""12100.56"",""3254"",""False"",""0"",""1"""

"a504dd,""UPS558  "",""United States"",""1643708413"",""1643708413"",""-83.1304"",""42.1226"",""10980.42"",""False"",""196.81"",""286.4"",""0"","""",""10927.08"",""1607"",""False"",""0"",""5"""

"a05cf0,""UPS1302 "",""United States"",""1643708412"",""1643708412"",""-89.9411"",""33.3024"",""10668"",""False"",""237.21"",""91.24"",""-0.65"","""",""10820.4"",""2770"",""False"",""0"",""6"""

"a92478,""UAL2417 "",""United States"",""1643708413"",""1643708413"",""-92.6833"",""43.6154"",""11277.6"",""False"",""262.17"",""103.27"",""0"","""",""11117.58"",""0402"",""False"",""0"",""4"""

"a219ea,""UAL148  "",""United States"",""1643708413"",""1643708413"",""-74.3506"",""40.3519"",""1059.18"",""False"",""117.95"",""18.83"",""-3.25"","""",""1120.14"",""2373"",""False"",""0"",""6"""

"a73dfe,""JBU894  "",""United States"",""1643708413"",""1643708413"",""-72.7913"",""37.6812"",""10355.58"",""False"",""218.12"",""337.25"",""0"","""",""10241.28"",""4116"",""False"",""0"",""1"""

"ad7701,""JBU24   "",""United States"",""1643708411"",""1643708412"",""-102.1338"",""42.0775"",""10668"",""False"",""275.21"",""80.1"",""0.33"","""",""10538.46"",""7246"",""False"",""0"",""4"""

"a6b140,""N530JL  "",""United States"",""1643708413"",""1643708413"",""-115.1251"",""36.1653"",""777.24"",""False"",""48.15"",""310.67"",""0"","""",""739.14"","""",""False"",""0"",""1"""

"a72c41,""N561SR  "",""United States"",""1643708362"",""1643708362"",""-85.7667"",""33.3697"",""5303.52"",""False"",""186.31"",""67.26"",""-9.75"","""",""5425.44"",""2456"",""False"",""0"",""0"""

"a72c46,""BYA561  "",""United States"",""1643708158"",""1643708158"",""-83.4222"",""34.049"",""853.44"",""False"",""124.12"",""187.86"",""-7.8"","""",""1371.6"",""5764"",""False"",""0"",""0"""

"a3c68c,""UPS930  "",""United States"",""1643708411"",""1643708413"",""-101.0182"",""33.357"",""12199.62"",""False"",""191.34"",""278.35"",""0"","""",""12405.36"",""2261"",""False"",""0"",""6"""

"a7f6ae,""FDX5016 "",""United States"",""1643708412"",""1643708412"",""-89.5136"",""42.6628"",""10652.76"",""False"",""278.68"",""131.93"",""-0.33"","""",""10576.56"",""3453"",""False"",""0"",""6"""

"a420af,""UPS922  "",""United States"",""1643708413"",""1643708413"",""-87.7839"",""37.8564"",""9753.6"",""False"",""225.79"",""266.34"",""0"","""",""9867.9"",""6656"",""False"",""0"",""0"""

"a23052,""AMF7124 "",""United States"",""1643708413"",""1643708413"",""-85.5919"",""42.1357"",""5036.82"",""False"",""170.25"",""48.8"",""-5.85"","""",""5006.34"",""2532"",""False"",""0"",""0"""

"ab7268,""AAL6    "",""United States"",""1643708413"",""1643708413"",""-113.0886"",""34.0583"",""12192"",""False"",""300.47"",""85.19"",""0"","""",""12382.5"",""3717"",""False"",""0"",""0"""

"ad6ef0,""VTS2883 "",""United States"",""1643708412"",""1643708412"",""-89.5755"",""37.2559"",""9441.18"",""False"",""246.66"",""44.15"",""0"","""",""9547.86"",""2576"",""False"",""0"",""0"""

"adc5a6,""FDX1779 "",""United States"",""1643708412"",""1643708412"",""-88.1669"",""40.078"",""9159.24"",""False"",""211.91"",""293.76"",""6.18"","""",""9204.96"",""2330"",""False"",""0"",""5"""

"acf54f,""JBU90   "",""United States"",""1643708413"",""1643708413"",""-75.5551"",""41.1707"",""7924.8"",""False"",""238.44"",""95.94"",""-13.33"","""",""7848.6"",""7323"",""False"",""0"",""4"""

"ad1560,""JBU988  "",""United States"",""1643708413"",""1643708413"",""-104.5643"",""41.4746"",""10675.62"",""False"",""270.39"",""62.22"",""0.33"","""",""10576.56"",""1063"",""False"",""0"",""4"""

"a11ba0,""UAL1882 "",""United States"",""1643708413"",""1643708413"",""-85.7265"",""41.243"",""11277.6"",""False"",""287.69"",""86.21"",""-0.33"","""",""11254.74"",""1663"",""False"",""0"",""0"""

"aca5e5,""DAL2196 "",""United States"",""1643708413"",""1643708413"",""-96.7005"",""36.6508"",""11277.6"",""False"",""265.28"",""104.6"",""0"","""",""11384.28"",""3262"",""False"",""0"",""0"""

"a949a4,""NKS1200 "",""United States"",""1643708411"",""1643708413"",""-97.9144"",""35.1576"",""11269.98"",""False"",""257.78"",""88.97"",""0.33"","""",""11430"",""7314"",""False"",""0"",""0"""

"a85f29,""UAL1734 "",""United States"",""1643708413"",""1643708413"",""-114.8121"",""33.244"",""11277.6"",""False"",""287.99"",""98.94"",""0"","""",""11460.48"",""1067"",""False"",""0"",""4"""

"ac90f3,""DAL2418 "",""United States"",""1643708413"",""1643708413"",""-86.9409"",""43.3228"",""11277.6"",""False"",""266.05"",""96.33"",""0.33"","""",""11170.92"",""3375"",""False"",""0"",""0"""

"a17e7d,""N196AH  "",""United States"",""1643708413"",""1643708413"",""-82.9833"",""34.451"",""4610.1"",""False"",""175.32"",""242.76"",""-7.48"","""",""4693.92"",""4272"",""False"",""0"",""0"""

"a3fb6f,""DAL1048 "",""United States"",""1643708413"",""1643708413"",""-84.8265"",""42.038"",""6370.32"",""False"",""241.54"",""80.44"",""-3.9"","""",""6355.08"",""6455"",""False"",""0"",""0"""

"a65b76,"" N509AY "",""United States"",""1643708404"",""1643708411"",""-111.9969"",""33.4382"","""",""True"",""0"",""174.38"","""","""","""","""",""False"",""0"",""4"""

"a8180d,""UPS64   "",""United States"",""1643708412"",""1643708412"",""-86.1034"",""38.3429"",""4671.06"",""False"",""194.26"",""322.86"",""9.43"","""",""4701.54"","""",""False"",""0"",""0"""

"a4359b,""UPS974  "",""United States"",""1643708413"",""1643708413"",""-88.5786"",""39.0244"",""10980.42"",""False"",""212.86"",""293.65"",""0"","""",""11049"",""4052"",""False"",""0"",""0"""
